ticker,captured_at,price,previous_close,currency,source
000660.KS,2026-06-18T18:51:04Z,2685000.0,2521000.0,KRW,yfinance
000660.KS,2026-06-18T23:48:53Z,2685000.0,2521000.0,KRW,yfinance
000660.KS,2026-06-19T23:02:11Z,2764000.0,2685000.0,KRW,yfinance
000660.KS,2026-06-22T23:23:53Z,2919000.0,2764000.0,KRW,yfinance
000660.KS,2026-06-23T23:11:49Z,2555000.0,2919000.0,KRW,yfinance
000660.KS,2026-06-24T23:07:48Z,2621000.0,2555000.0,KRW,yfinance
000660.KS,2026-06-25T23:22:22Z,2917000.0,2580000.0,KRW,yfinance
000660.KS,2026-06-26T23:10:49Z,2673000.0,2917000.0,KRW,yfinance
000660.KS,2026-06-29T23:02:42Z,2628000.0,2673000.0,KRW,yfinance
000660.KS,2026-06-30T23:17:39Z,2650000.0,2628000.0,KRW,yfinance
000660.KS,2026-07-01T23:19:32Z,2560000.0,2650000.0,KRW,yfinance
000660.KS,2026-07-02T23:11:53Z,2187000.0,2560000.0,KRW,yfinance
000660.KS,2026-07-03T23:08:19Z,2425000.0,2187000.0,KRW,yfinance
005930.KS,2026-06-18T18:51:02Z,362500.0,346500.0,KRW,yfinance
005930.KS,2026-06-18T23:48:52Z,362500.0,346500.0,KRW,yfinance
005930.KS,2026-06-19T23:02:10Z,354000.0,362500.0,KRW,yfinance
005930.KS,2026-06-22T23:23:52Z,353500.0,354000.0,KRW,yfinance
005930.KS,2026-06-23T23:11:47Z,310000.0,353500.0,KRW,yfinance
005930.KS,2026-06-24T23:07:46Z,340500.0,310000.0,KRW,yfinance
005930.KS,2026-06-25T23:22:20Z,358500.0,340500.0,KRW,yfinance
005930.KS,2026-06-26T23:10:47Z,339500.0,358500.0,KRW,yfinance
005930.KS,2026-06-29T23:02:40Z,323000.0,339500.0,KRW,yfinance
005930.KS,2026-06-30T23:17:38Z,334000.0,323000.0,KRW,yfinance
005930.KS,2026-07-01T23:19:30Z,314500.0,334000.0,KRW,yfinance
005930.KS,2026-07-02T23:11:52Z,286000.0,314500.0,KRW,yfinance
005930.KS,2026-07-03T23:08:17Z,309500.0,286000.0,KRW,yfinance
AAOI,2026-06-18T18:50:55Z,158.875,170.92,USD,yfinance
AAOI,2026-06-18T23:48:45Z,161.85,170.92,USD,yfinance
AAOI,2026-06-19T23:02:04Z,161.85,170.92,USD,yfinance
AAOI,2026-06-22T23:23:46Z,171.23,162.3,USD,yfinance
AAOI,2026-06-23T23:11:40Z,147.44,169.4,USD,yfinance
AAOI,2026-06-24T23:07:40Z,146.97,149.1,USD,yfinance
AAOI,2026-06-25T23:22:14Z,138.54,154.35,USD,yfinance
AAOI,2026-06-26T23:10:38Z,135.69,137.4,USD,yfinance
AAOI,2026-06-29T23:02:33Z,150.1,133.9342,USD,yfinance
AAOI,2026-06-30T23:17:30Z,148.16,149.2,USD,yfinance
AAOI,2026-07-01T23:19:24Z,139.0,147.9,USD,yfinance
AAOI,2026-07-02T23:11:46Z,120.95,139.38,USD,yfinance
AAOI,2026-07-03T23:08:11Z,120.95,139.38,USD,yfinance
AEHR,2026-06-18T18:50:50Z,112.25,114.7,USD,yfinance
AEHR,2026-06-18T23:48:41Z,115.3,114.7,USD,yfinance
AEHR,2026-06-19T23:01:59Z,115.3,114.7,USD,yfinance
AEHR,2026-06-22T23:23:41Z,113.33,115.7308,USD,yfinance
AEHR,2026-06-23T23:11:34Z,102.39,112.874,USD,yfinance
AEHR,2026-06-24T23:07:34Z,95.2,103.4796,USD,yfinance
AEHR,2026-06-25T23:22:09Z,98.79,101.5,USD,yfinance
AEHR,2026-06-26T23:10:32Z,91.81,97.9999,USD,yfinance
AEHR,2026-06-29T23:02:26Z,94.77,91.25,USD,yfinance
AEHR,2026-06-30T23:17:23Z,96.06,94.25,USD,yfinance
AEHR,2026-07-01T23:19:19Z,84.425,96.6,USD,yfinance
AEHR,2026-07-02T23:11:41Z,69.96,84.73,USD,yfinance
AEHR,2026-07-03T23:08:06Z,69.96,84.73,USD,yfinance
AEM,2026-06-18T18:51:21Z,166.865,173.75,USD,yfinance
AEM,2026-06-18T23:49:07Z,166.66,173.75,USD,yfinance
AEM,2026-06-19T23:02:26Z,166.66,173.75,USD,yfinance
AEM,2026-06-22T23:24:07Z,166.85,167.2556,USD,yfinance
AEM,2026-06-23T23:12:07Z,160.16,163.73,USD,yfinance
AEM,2026-06-24T23:08:02Z,153.46,160.1,USD,yfinance
AEM,2026-06-25T23:22:37Z,156.18,154.85,USD,yfinance
AEM,2026-06-26T23:11:07Z,157.23,156.57,USD,yfinance
AEM,2026-06-29T23:03:01Z,153.76,158.285,USD,yfinance
AEM,2026-06-30T23:17:57Z,155.13,153.175,USD,yfinance
AEM,2026-07-01T23:19:47Z,154.85,154.6,USD,yfinance
AEM,2026-07-02T23:12:08Z,153.86,154.283,USD,yfinance
AEM,2026-07-03T23:08:33Z,153.86,154.283,USD,yfinance
AG,2026-06-18T18:51:28Z,18.055,18.69,USD,yfinance
AG,2026-06-18T23:49:14Z,18.0,18.69,USD,yfinance
AG,2026-06-19T23:02:32Z,18.0,18.69,USD,yfinance
AG,2026-06-22T23:24:14Z,17.72,18.0116,USD,yfinance
AG,2026-06-23T23:12:15Z,16.5,17.62,USD,yfinance
AG,2026-06-24T23:08:09Z,16.06,16.55,USD,yfinance
AG,2026-06-25T23:22:43Z,16.5,16.24,USD,yfinance
AG,2026-06-26T23:11:15Z,16.89,16.7,USD,yfinance
AG,2026-06-29T23:03:09Z,16.81,16.95,USD,yfinance
AG,2026-06-30T23:18:05Z,16.96,16.85,USD,yfinance
AG,2026-07-01T23:19:53Z,17.04,16.94,USD,yfinance
AG,2026-07-02T23:12:15Z,17.82,17.1008,USD,yfinance
AG,2026-07-03T23:08:40Z,17.82,17.1008,USD,yfinance
AGI,2026-06-18T18:51:23Z,36.13,37.6194,USD,yfinance
AGI,2026-06-18T23:49:10Z,36.34,37.6194,USD,yfinance
AGI,2026-06-19T23:02:28Z,36.34,37.6194,USD,yfinance
AGI,2026-06-22T23:24:10Z,32.04,35.2,USD,yfinance
AGI,2026-06-23T23:12:10Z,30.88,32.2,USD,yfinance
AGI,2026-06-24T23:08:05Z,30.1,30.88,USD,yfinance
AGI,2026-06-25T23:22:39Z,31.11,30.4,USD,yfinance
AGI,2026-06-26T23:11:10Z,31.32,31.16,USD,yfinance
AGI,2026-06-29T23:03:04Z,30.74,31.77,USD,yfinance
AGI,2026-06-30T23:18:00Z,30.34,31.35,USD,yfinance
AGI,2026-07-01T23:19:49Z,30.31,30.5,USD,yfinance
AGI,2026-07-02T23:12:11Z,31.58,30.2119,USD,yfinance
AGI,2026-07-03T23:08:36Z,31.58,30.2119,USD,yfinance
ALAB,2026-06-18T18:50:22Z,411.93,382.9,USD,yfinance
ALAB,2026-06-18T23:48:14Z,417.07,382.9,USD,yfinance
ALAB,2026-06-19T23:01:32Z,417.07,382.9,USD,yfinance
ALAB,2026-06-22T23:23:16Z,439.66,419.8,USD,yfinance
ALAB,2026-06-23T23:11:01Z,397.02,438.6999,USD,yfinance
ALAB,2026-06-24T23:07:08Z,399.92,402.42,USD,yfinance
ALAB,2026-06-25T23:21:42Z,398.0,418.22,USD,yfinance
ALAB,2026-06-26T23:09:59Z,391.74,396.0,USD,yfinance
ALAB,2026-06-29T23:01:53Z,455.96,391.0,USD,yfinance
ALAB,2026-06-30T23:16:51Z,483.02,454.2,USD,yfinance
ALAB,2026-07-01T23:18:52Z,430.86,487.99,USD,yfinance
ALAB,2026-07-02T23:11:14Z,406.42,434.5,USD,yfinance
ALAB,2026-07-03T23:07:40Z,406.42,434.5,USD,yfinance
AMD,2026-06-18T18:50:44Z,529.65,521.99,USD,yfinance
AMD,2026-06-18T23:48:34Z,537.37,521.99,USD,yfinance
AMD,2026-06-19T23:01:52Z,537.37,521.99,USD,yfinance
AMD,2026-06-22T23:23:35Z,551.63,536.62,USD,yfinance
AMD,2026-06-23T23:11:26Z,519.85,546.5,USD,yfinance
AMD,2026-06-24T23:07:28Z,519.74,522.2,USD,yfinance
AMD,2026-06-25T23:22:02Z,532.57,538.7802,USD,yfinance
AMD,2026-06-26T23:10:24Z,521.58,529.325,USD,yfinance
AMD,2026-06-29T23:02:19Z,539.49,518.6983,USD,yfinance
AMD,2026-06-30T23:17:16Z,580.91,540.28,USD,yfinance
AMD,2026-07-01T23:19:13Z,540.88,579.54,USD,yfinance
AMD,2026-07-02T23:11:34Z,517.82,544.104,USD,yfinance
AMD,2026-07-03T23:08:00Z,517.82,544.104,USD,yfinance
AMSC,2026-06-18T18:50:05Z,42.72,40.64,USD,yfinance
AMSC,2026-06-18T23:47:58Z,43.4,40.64,USD,yfinance
AMSC,2026-06-19T23:01:16Z,43.4,40.64,USD,yfinance
AMSC,2026-06-22T23:23:00Z,45.325,43.29,USD,yfinance
AMSC,2026-06-23T23:10:41Z,41.63,45.23,USD,yfinance
AMSC,2026-06-24T23:06:51Z,40.85,41.8504,USD,yfinance
AMSC,2026-06-25T23:21:25Z,40.28,41.75,USD,yfinance
AMSC,2026-06-26T23:09:37Z,39.73,40.65,USD,yfinance
AMSC,2026-06-29T23:01:32Z,39.83,39.6,USD,yfinance
AMSC,2026-06-30T23:16:31Z,41.51,39.5675,USD,yfinance
AMSC,2026-07-01T23:18:35Z,39.92,41.3,USD,yfinance
AMSC,2026-07-02T23:10:57Z,37.11,39.95,USD,yfinance
AMSC,2026-07-03T23:07:23Z,37.11,39.95,USD,yfinance
AOSL,2026-06-18T18:50:21Z,47.17,45.2127,USD,yfinance
AOSL,2026-06-18T23:48:13Z,48.04,45.2127,USD,yfinance
AOSL,2026-06-19T23:01:31Z,48.04,45.2127,USD,yfinance
AOSL,2026-06-22T23:23:14Z,49.36,49.0,USD,yfinance
AOSL,2026-06-23T23:10:59Z,45.07,49.19,USD,yfinance
AOSL,2026-06-24T23:07:06Z,41.98,44.76,USD,yfinance
AOSL,2026-06-25T23:21:41Z,45.7,44.4,USD,yfinance
AOSL,2026-06-26T23:09:57Z,43.99,44.31,USD,yfinance
AOSL,2026-06-29T23:01:52Z,45.21,43.99,USD,yfinance
AOSL,2026-06-30T23:16:50Z,47.33,45.98,USD,yfinance
AOSL,2026-07-01T23:18:51Z,43.52,47.59,USD,yfinance
AOSL,2026-07-02T23:11:12Z,37.11,43.0,USD,yfinance
AOSL,2026-07-03T23:07:39Z,37.11,43.0,USD,yfinance
ASML,2026-06-18T18:50:06Z,1918.25,1909.0,USD,yfinance
ASML,2026-06-18T23:47:59Z,1929.6801,1909.0,USD,yfinance
ASML,2026-06-19T23:01:17Z,1929.6801,1909.0,USD,yfinance
ASML,2026-06-22T23:23:01Z,1929.25,1928.695,USD,yfinance
ASML,2026-06-23T23:10:42Z,1778.46,1920.679,USD,yfinance
ASML,2026-06-24T23:06:52Z,1762.77,1788.0,USD,yfinance
ASML,2026-06-25T23:21:26Z,1841.1801,1860.0,USD,yfinance
ASML,2026-06-26T23:09:38Z,1794.62,1829.37,USD,yfinance
ASML,2026-06-29T23:01:34Z,1883.11,1793.0,USD,yfinance
ASML,2026-06-30T23:16:33Z,1989.4399,1880.0,USD,yfinance
ASML,2026-07-01T23:18:37Z,1843.04,1988.5,USD,yfinance
ASML,2026-07-02T23:10:58Z,1769.3199,1850.9,USD,yfinance
ASML,2026-07-03T23:07:25Z,1769.3199,1850.9,USD,yfinance
AU,2026-06-18T18:51:19Z,90.54,91.8,USD,yfinance
AU,2026-06-18T23:49:06Z,90.87,91.8,USD,yfinance
AU,2026-06-19T23:02:24Z,90.87,91.8,USD,yfinance
AU,2026-06-22T23:24:06Z,86.23,90.88,USD,yfinance
AU,2026-06-23T23:12:06Z,83.79,85.95,USD,yfinance
AU,2026-06-24T23:08:01Z,78.59,83.52,USD,yfinance
AU,2026-06-25T23:22:35Z,79.34,79.89,USD,yfinance
AU,2026-06-26T23:11:05Z,81.62,80.33,USD,yfinance
AU,2026-06-29T23:02:59Z,81.79,81.95,USD,yfinance
AU,2026-06-30T23:17:55Z,80.89,81.65,USD,yfinance
AU,2026-07-01T23:19:45Z,80.89,81.94,USD,yfinance
AU,2026-07-02T23:12:07Z,84.65,80.5481,USD,yfinance
AU,2026-07-03T23:08:32Z,84.65,80.5481,USD,yfinance
AVGO,2026-06-18T18:50:42Z,407.95,398.31,USD,yfinance
AVGO,2026-06-18T23:48:33Z,411.35,398.31,USD,yfinance
AVGO,2026-06-19T23:01:51Z,411.35,398.31,USD,yfinance
AVGO,2026-06-22T23:23:34Z,392.13,411.3,USD,yfinance
AVGO,2026-06-23T23:11:25Z,380.15,392.5,USD,yfinance
AVGO,2026-06-24T23:07:27Z,382.07,381.5,USD,yfinance
AVGO,2026-06-25T23:22:01Z,378.91,389.55,USD,yfinance
AVGO,2026-06-26T23:10:22Z,365.02,379.8,USD,yfinance
AVGO,2026-06-29T23:02:17Z,372.45,366.59,USD,yfinance
AVGO,2026-06-30T23:17:14Z,377.75,373.3815,USD,yfinance
AVGO,2026-07-01T23:19:11Z,369.34,378.35,USD,yfinance
AVGO,2026-07-02T23:11:33Z,360.45,369.0,USD,yfinance
AVGO,2026-07-03T23:07:59Z,360.45,369.0,USD,yfinance
AXTI,2026-06-18T18:50:47Z,81.63,93.96,USD,yfinance
AXTI,2026-06-18T23:48:38Z,84.57,93.96,USD,yfinance
AXTI,2026-06-19T23:01:56Z,84.57,93.96,USD,yfinance
AXTI,2026-06-22T23:23:39Z,92.44,84.6975,USD,yfinance
AXTI,2026-06-23T23:11:31Z,77.91,91.55,USD,yfinance
AXTI,2026-06-24T23:07:32Z,70.14,78.36,USD,yfinance
AXTI,2026-06-25T23:22:06Z,69.06,75.06,USD,yfinance
AXTI,2026-06-26T23:10:29Z,70.15,68.92,USD,yfinance
AXTI,2026-06-29T23:02:23Z,71.46,69.495,USD,yfinance
AXTI,2026-06-30T23:17:20Z,72.08,71.2,USD,yfinance
AXTI,2026-07-01T23:19:16Z,65.03,71.8,USD,yfinance
AXTI,2026-07-02T23:11:38Z,56.62,64.59,USD,yfinance
AXTI,2026-07-03T23:08:04Z,56.62,64.59,USD,yfinance
BE,2026-06-18T18:51:12Z,316.84,290.2798,USD,yfinance
BE,2026-06-18T23:48:59Z,328.91,290.2798,USD,yfinance
BE,2026-06-19T23:02:18Z,328.91,290.2798,USD,yfinance
BE,2026-06-22T23:24:00Z,345.85,329.0,USD,yfinance
BE,2026-06-23T23:11:57Z,321.98,344.84,USD,yfinance
BE,2026-06-24T23:07:54Z,326.19,323.5,USD,yfinance
BE,2026-06-25T23:22:28Z,309.18,344.8558,USD,yfinance
BE,2026-06-26T23:10:57Z,252.02,308.2894,USD,yfinance
BE,2026-06-29T23:02:51Z,275.01,257.9654,USD,yfinance
BE,2026-06-30T23:17:47Z,302.7,276.78,USD,yfinance
BE,2026-07-01T23:19:38Z,289.5,330.57,USD,yfinance
BE,2026-07-02T23:12:00Z,270.89,294.5,USD,yfinance
BE,2026-07-03T23:08:25Z,270.89,294.5,USD,yfinance
BMNR,2026-06-18T18:51:47Z,15.565,15.9568,USD,yfinance
BMNR,2026-06-18T23:49:31Z,16.14,15.9568,USD,yfinance
BMNR,2026-06-19T23:02:50Z,16.14,15.9568,USD,yfinance
BMNR,2026-06-22T23:24:31Z,15.86,16.01,USD,yfinance
BMNR,2026-06-23T23:12:37Z,15.13,15.94,USD,yfinance
BMNR,2026-06-24T23:08:27Z,14.02,15.2098,USD,yfinance
BMNR,2026-06-25T23:23:01Z,13.32,14.3087,USD,yfinance
BMNR,2026-06-26T23:11:37Z,13.56,13.39,USD,yfinance
BMNR,2026-06-29T23:03:31Z,13.8,13.55,USD,yfinance
BMNR,2026-06-30T23:18:27Z,13.31,13.74,USD,yfinance
BMNR,2026-07-01T23:20:11Z,14.15,13.2498,USD,yfinance
BMNR,2026-07-02T23:12:33Z,14.36,14.1903,USD,yfinance
BMNR,2026-07-03T23:08:57Z,14.36,14.1903,USD,yfinance
BTC-USD,2026-06-18T18:52:04Z,62689.1406,64446.0391,USD,yfinance
BTC-USD,2026-06-18T23:49:47Z,62800.4297,64452.6602,USD,yfinance
BTC-USD,2026-06-19T23:03:06Z,63233.0391,62879.0117,USD,yfinance
BTC-USD,2026-06-22T23:24:47Z,63921.0312,63224.8711,USD,yfinance
BTC-USD,2026-06-23T23:12:57Z,62469.9414,63950.6094,USD,yfinance
BTC-USD,2026-06-24T23:08:43Z,60814.7109,62644.7383,USD,yfinance
BTC-USD,2026-06-25T23:23:18Z,60039.3906,60983.1406,USD,yfinance
BTC-USD,2026-06-26T23:11:58Z,59985.1719,59699.6211,USD,yfinance
BTC-USD,2026-06-29T23:03:51Z,60284.3984,59472.3008,USD,yfinance
BTC-USD,2026-06-30T23:18:47Z,58497.9805,60161.5391,USD,yfinance
BTC-USD,2026-07-01T23:20:28Z,60244.3789,58523.9297,USD,yfinance
BTC-USD,2026-07-02T23:12:49Z,61278.4219,59961.4492,USD,yfinance
BTC-USD,2026-07-03T23:09:14Z,62473.5117,61484.0312,USD,yfinance
BZ=F,2026-06-18T18:52:03Z,79.69,78.21,USD,yfinance
BZ=F,2026-06-18T23:49:46Z,79.11,78.21,USD,yfinance
BZ=F,2026-06-19T23:03:04Z,80.59,78.21,USD,yfinance
BZ=F,2026-06-22T23:24:45Z,78.15,79.4,USD,yfinance
BZ=F,2026-06-23T23:12:56Z,76.77,77.53,USD,yfinance
BZ=F,2026-06-24T23:08:42Z,73.11,76.33,USD,yfinance
BZ=F,2026-06-25T23:23:17Z,75.04,72.51,USD,yfinance
BZ=F,2026-06-26T23:11:57Z,73.57,74.22,USD,yfinance
BZ=F,2026-06-29T23:03:50Z,73.56,73.29,USD,yfinance
BZ=F,2026-06-30T23:18:45Z,73.35,73.59,USD,yfinance
BZ=F,2026-07-01T23:20:27Z,71.18,73.24,USD,yfinance
BZ=F,2026-07-02T23:12:47Z,71.61,70.72,USD,yfinance
BZ=F,2026-07-03T23:09:12Z,72.13,70.72,USD,yfinance
CAT,2026-06-18T18:51:09Z,987.625,963.03,USD,yfinance
CAT,2026-06-18T23:48:57Z,985.82,963.03,USD,yfinance
CAT,2026-06-19T23:02:15Z,985.82,963.03,USD,yfinance
CAT,2026-06-22T23:23:57Z,1022.28,988.0,USD,yfinance
CAT,2026-06-23T23:11:54Z,984.24,1027.95,USD,yfinance
CAT,2026-06-24T23:07:52Z,994.45,987.39,USD,yfinance
CAT,2026-06-25T23:22:26Z,1057.01,1007.65,USD,yfinance
CAT,2026-06-26T23:10:53Z,997.47,1058.944,USD,yfinance
CAT,2026-06-29T23:02:47Z,1033.1899,999.6,USD,yfinance
CAT,2026-06-30T23:17:44Z,1064.9,1034.0,USD,yfinance
CAT,2026-07-01T23:19:36Z,991.41,1054.7601,USD,yfinance
CAT,2026-07-02T23:11:57Z,963.53,993.74,USD,yfinance
CAT,2026-07-03T23:08:23Z,963.53,993.74,USD,yfinance
CDE,2026-06-18T18:51:29Z,17.165,17.79,USD,yfinance
CDE,2026-06-18T23:49:15Z,17.51,17.79,USD,yfinance
CDE,2026-06-19T23:02:33Z,17.51,17.79,USD,yfinance
CDE,2026-06-22T23:24:15Z,17.47,17.47,USD,yfinance
CDE,2026-06-23T23:12:17Z,16.32,17.35,USD,yfinance
CDE,2026-06-24T23:08:10Z,15.47,16.3984,USD,yfinance
CDE,2026-06-25T23:22:45Z,15.99,15.7044,USD,yfinance
CDE,2026-06-26T23:11:17Z,16.02,16.09,USD,yfinance
CDE,2026-06-29T23:03:11Z,16.33,16.08,USD,yfinance
CDE,2026-06-30T23:18:06Z,16.32,16.31,USD,yfinance
CDE,2026-07-01T23:19:55Z,16.54,16.32,USD,yfinance
CDE,2026-07-02T23:12:16Z,17.3,16.52,USD,yfinance
CDE,2026-07-03T23:08:41Z,17.3,16.52,USD,yfinance
CIEN,2026-06-18T18:50:57Z,426.707,438.5,USD,yfinance
CIEN,2026-06-18T23:48:47Z,428.22,438.5,USD,yfinance
CIEN,2026-06-19T23:02:05Z,428.22,438.5,USD,yfinance
CIEN,2026-06-22T23:23:47Z,460.33,429.6,USD,yfinance
CIEN,2026-06-23T23:11:41Z,459.85,458.0,USD,yfinance
CIEN,2026-06-24T23:07:41Z,463.51,460.7,USD,yfinance
CIEN,2026-06-25T23:22:15Z,484.69,480.87,USD,yfinance
CIEN,2026-06-26T23:10:40Z,479.5,487.88,USD,yfinance
CIEN,2026-06-29T23:02:34Z,478.93,477.04,USD,yfinance
CIEN,2026-06-30T23:17:31Z,490.56,476.0,USD,yfinance
CIEN,2026-07-01T23:19:25Z,462.44,491.32,USD,yfinance
CIEN,2026-07-02T23:11:47Z,422.46,463.0,USD,yfinance
CIEN,2026-07-03T23:08:12Z,422.46,463.0,USD,yfinance
COHR,2026-06-18T18:50:10Z,388.255,384.7355,USD,yfinance
COHR,2026-06-18T23:48:03Z,389.57,384.7355,USD,yfinance
COHR,2026-06-19T23:01:21Z,389.57,384.7355,USD,yfinance
COHR,2026-06-22T23:23:05Z,425.48,394.0,USD,yfinance
COHR,2026-06-23T23:10:47Z,381.22,424.0,USD,yfinance
COHR,2026-06-24T23:06:56Z,392.5,382.01,USD,yfinance
COHR,2026-06-25T23:21:30Z,407.25,408.5036,USD,yfinance
COHR,2026-06-26T23:09:43Z,380.56,404.0,USD,yfinance
COHR,2026-06-29T23:01:39Z,391.22,378.89,USD,yfinance
COHR,2026-06-30T23:16:38Z,394.47,388.09,USD,yfinance
COHR,2026-07-01T23:18:40Z,368.65,393.02,USD,yfinance
COHR,2026-07-02T23:11:02Z,333.36,367.28,USD,yfinance
COHR,2026-07-03T23:07:29Z,333.36,367.28,USD,yfinance
CRWV,2026-06-18T18:50:46Z,115.06,118.96,USD,yfinance
CRWV,2026-06-18T23:48:37Z,117.95,118.96,USD,yfinance
CRWV,2026-06-19T23:01:55Z,117.95,118.96,USD,yfinance
CRWV,2026-06-22T23:23:38Z,111.29,117.61,USD,yfinance
CRWV,2026-06-23T23:11:29Z,105.72,110.3,USD,yfinance
CRWV,2026-06-24T23:07:31Z,100.88,105.8355,USD,yfinance
CRWV,2026-06-25T23:22:05Z,98.76,105.1393,USD,yfinance
CRWV,2026-06-26T23:10:27Z,96.58,99.18,USD,yfinance
CRWV,2026-06-29T23:02:22Z,95.51,96.093,USD,yfinance
CRWV,2026-06-30T23:17:19Z,99.54,95.75,USD,yfinance
CRWV,2026-07-01T23:19:15Z,85.685,101.32,USD,yfinance
CRWV,2026-07-02T23:11:37Z,81.745,86.4,USD,yfinance
CRWV,2026-07-03T23:08:02Z,81.745,86.4,USD,yfinance
DRAM,2026-06-18T18:51:01Z,77.37,72.3922,USD,yfinance
DRAM,2026-06-18T23:48:50Z,76.71,72.3922,USD,yfinance
DRAM,2026-06-19T23:02:09Z,76.71,72.3922,USD,yfinance
DRAM,2026-06-22T23:23:51Z,80.72,78.15,USD,yfinance
DRAM,2026-06-23T23:11:46Z,69.22,80.45,USD,yfinance
DRAM,2026-06-24T23:07:45Z,69.93,70.58,USD,yfinance
DRAM,2026-06-25T23:22:19Z,76.89,80.1666,USD,yfinance
DRAM,2026-06-26T23:10:45Z,71.88,76.5414,USD,yfinance
DRAM,2026-06-29T23:02:39Z,71.94,72.29,USD,yfinance
DRAM,2026-06-30T23:17:36Z,73.85,71.77,USD,yfinance
DRAM,2026-07-01T23:19:29Z,65.86,73.4,USD,yfinance
DRAM,2026-07-02T23:11:51Z,60.63,64.85,USD,yfinance
DRAM,2026-07-03T23:08:16Z,60.63,64.85,USD,yfinance
ETH-USD,2026-06-18T18:52:06Z,1683.7,1749.2,USD,yfinance
ETH-USD,2026-06-18T23:49:48Z,1707.1,1749.2,USD,yfinance
ETH-USD,2026-06-19T23:03:07Z,1704.91,1708.96,USD,yfinance
ETH-USD,2026-06-22T23:24:48Z,1724.03,1704.9399,USD,yfinance
ETH-USD,2026-06-23T23:12:59Z,1660.85,1726.15,USD,yfinance
ETH-USD,2026-06-24T23:08:44Z,1613.45,1665.05,USD,yfinance
ETH-USD,2026-06-25T23:23:19Z,1575.51,1619.72,USD,yfinance
ETH-USD,2026-06-26T23:12:00Z,1575.26,1564.86,USD,yfinance
ETH-USD,2026-06-29T23:03:53Z,1611.34,1569.4,USD,yfinance
ETH-USD,2026-06-30T23:18:48Z,1566.2,1610.73,USD,yfinance
ETH-USD,2026-07-01T23:20:29Z,1616.33,1569.49,USD,yfinance
ETH-USD,2026-07-02T23:12:50Z,1691.22,1607.62,USD,yfinance
ETH-USD,2026-07-03T23:09:15Z,1754.61,1698.4399,USD,yfinance
ETHA,2026-06-18T18:50:41Z,12.705,13.1906,USD,yfinance
ETHA,2026-06-18T23:48:32Z,12.88,13.1906,USD,yfinance
ETHA,2026-06-19T23:01:50Z,12.88,13.1906,USD,yfinance
ETHA,2026-06-22T23:23:33Z,13.06,12.8913,USD,yfinance
ETHA,2026-06-23T23:11:23Z,12.52,13.0239,USD,yfinance
ETHA,2026-06-24T23:07:26Z,11.92,12.5501,USD,yfinance
ETHA,2026-06-25T23:22:00Z,11.74,12.23,USD,yfinance
ETHA,2026-06-26T23:10:21Z,11.89,11.82,USD,yfinance
ETHA,2026-06-29T23:02:16Z,12.24,11.89,USD,yfinance
ETHA,2026-06-30T23:17:13Z,11.89,12.199,USD,yfinance
ETHA,2026-07-01T23:19:10Z,12.19,11.86,USD,yfinance
ETHA,2026-07-02T23:11:32Z,12.86,12.1748,USD,yfinance
ETHA,2026-07-03T23:07:57Z,12.86,12.1748,USD,yfinance
EWY,2026-06-18T18:50:30Z,219.86,210.0,USD,yfinance
EWY,2026-06-18T23:48:22Z,219.2,210.0,USD,yfinance
EWY,2026-06-19T23:01:40Z,219.2,210.0,USD,yfinance
EWY,2026-06-22T23:23:23Z,219.02,219.21,USD,yfinance
EWY,2026-06-23T23:11:10Z,192.2,216.3907,USD,yfinance
EWY,2026-06-24T23:07:16Z,197.26,196.88,USD,yfinance
EWY,2026-06-25T23:21:50Z,205.0,212.08,USD,yfinance
EWY,2026-06-26T23:10:08Z,197.28,204.0,USD,yfinance
EWY,2026-06-29T23:02:03Z,197.5,197.8525,USD,yfinance
EWY,2026-06-30T23:17:01Z,201.9,197.3175,USD,yfinance
EWY,2026-07-01T23:19:00Z,185.5,200.75,USD,yfinance
EWY,2026-07-02T23:11:22Z,180.14,184.7,USD,yfinance
EWY,2026-07-03T23:07:47Z,180.14,184.7,USD,yfinance
EXK,2026-06-18T18:51:30Z,8.625,8.97,USD,yfinance
EXK,2026-06-18T23:49:16Z,8.61,8.97,USD,yfinance
EXK,2026-06-19T23:02:35Z,8.61,8.97,USD,yfinance
EXK,2026-06-22T23:24:16Z,8.55,8.6586,USD,yfinance
EXK,2026-06-23T23:12:18Z,8.01,8.6,USD,yfinance
EXK,2026-06-24T23:08:11Z,7.71,8.05,USD,yfinance
EXK,2026-06-25T23:22:46Z,8.04,7.82,USD,yfinance
EXK,2026-06-26T23:11:18Z,8.33,8.12,USD,yfinance
EXK,2026-06-29T23:03:12Z,8.23,8.45,USD,yfinance
EXK,2026-06-30T23:18:08Z,8.28,8.23,USD,yfinance
EXK,2026-07-01T23:19:56Z,8.34,8.2695,USD,yfinance
EXK,2026-07-02T23:12:17Z,8.56,8.32,USD,yfinance
EXK,2026-07-03T23:08:42Z,8.56,8.32,USD,yfinance
FLEX,2026-06-18T18:51:13Z,145.07,144.9181,USD,yfinance
FLEX,2026-06-18T23:49:01Z,147.61,144.9181,USD,yfinance
FLEX,2026-06-19T23:02:19Z,147.61,144.9181,USD,yfinance
FLEX,2026-06-22T23:24:01Z,155.81,149.48,USD,yfinance
FLEX,2026-06-23T23:11:59Z,151.85,156.85,USD,yfinance
FLEX,2026-06-24T23:07:55Z,150.72,152.0,USD,yfinance
FLEX,2026-06-25T23:22:29Z,161.28,154.962,USD,yfinance
FLEX,2026-06-26T23:10:58Z,146.7,162.48,USD,yfinance
FLEX,2026-06-29T23:02:52Z,159.56,146.1006,USD,yfinance
FLEX,2026-06-30T23:17:49Z,162.07,160.0,USD,yfinance
FLEX,2026-07-01T23:19:40Z,153.53,161.56,USD,yfinance
FLEX,2026-07-02T23:12:01Z,136.855,153.4,USD,yfinance
FLEX,2026-07-03T23:08:27Z,136.86,153.4,USD,yfinance
FNV,2026-06-18T18:51:33Z,219.88,227.74,USD,yfinance
FNV,2026-06-18T23:49:19Z,219.26,227.74,USD,yfinance
FNV,2026-06-19T23:02:37Z,219.26,227.74,USD,yfinance
FNV,2026-06-22T23:24:19Z,220.73,219.55,USD,yfinance
FNV,2026-06-23T23:12:21Z,213.92,222.26,USD,yfinance
FNV,2026-06-24T23:08:14Z,209.76,216.0,USD,yfinance
FNV,2026-06-25T23:22:48Z,210.0,212.0,USD,yfinance
FNV,2026-06-26T23:11:21Z,215.14,211.67,USD,yfinance
FNV,2026-06-29T23:03:15Z,207.26,218.8872,USD,yfinance
FNV,2026-06-30T23:18:11Z,208.44,208.6,USD,yfinance
FNV,2026-07-01T23:19:59Z,208.49,206.59,USD,yfinance
FNV,2026-07-02T23:12:20Z,217.58,213.0,USD,yfinance
FNV,2026-07-03T23:08:45Z,217.58,213.0,USD,yfinance
GC=F,2026-06-18T18:52:00Z,4239.7002,4339.6001,USD,yfinance
GC=F,2026-06-18T23:49:44Z,4216.3999,4339.6001,USD,yfinance
GC=F,2026-06-19T23:03:02Z,4172.8999,4339.6001,USD,yfinance
GC=F,2026-06-22T23:24:43Z,4209.2002,4189.6001,USD,yfinance
GC=F,2026-06-23T23:12:53Z,4118.3999,4162.2002,USD,yfinance
GC=F,2026-06-24T23:08:39Z,4012.8,4079.8999,USD,yfinance
GC=F,2026-06-25T23:23:14Z,4038.5,4012.3999,USD,yfinance
GC=F,2026-06-26T23:11:54Z,4103.0,4018.6001,USD,yfinance
GC=F,2026-06-29T23:03:46Z,4028.6001,4083.2,USD,yfinance
GC=F,2026-06-30T23:18:42Z,4029.7,3983.8,USD,yfinance
GC=F,2026-07-01T23:20:24Z,4053.6001,3992.8999,USD,yfinance
GC=F,2026-07-02T23:12:45Z,4137.7998,4082.3,USD,yfinance
GC=F,2026-07-03T23:09:10Z,4187.2998,4082.3,USD,yfinance
GDX,2026-06-18T18:51:39Z,82.35,84.86,USD,yfinance
GDX,2026-06-18T23:49:24Z,82.51,84.86,USD,yfinance
GDX,2026-06-19T23:02:42Z,82.51,84.86,USD,yfinance
GDX,2026-06-22T23:24:24Z,81.44,82.31,USD,yfinance
GDX,2026-06-23T23:12:28Z,77.66,81.3,USD,yfinance
GDX,2026-06-24T23:08:19Z,74.59,77.75,USD,yfinance
GDX,2026-06-25T23:22:54Z,75.67,75.55,USD,yfinance
GDX,2026-06-26T23:11:28Z,77.0,75.79,USD,yfinance
GDX,2026-06-29T23:03:22Z,75.68,77.1501,USD,yfinance
GDX,2026-06-30T23:18:18Z,75.45,75.85,USD,yfinance
GDX,2026-07-01T23:20:04Z,75.07,74.82,USD,yfinance
GDX,2026-07-02T23:12:25Z,78.43,75.06,USD,yfinance
GDX,2026-07-03T23:08:50Z,78.43,75.06,USD,yfinance
GDXJ,2026-06-18T18:50:34Z,107.12,110.9,USD,yfinance
GDXJ,2026-06-18T23:48:26Z,107.22,110.9,USD,yfinance
GDXJ,2026-06-19T23:01:44Z,107.22,110.9,USD,yfinance
GDXJ,2026-06-22T23:23:27Z,106.12,107.293,USD,yfinance
GDXJ,2026-06-23T23:11:15Z,100.56,105.67,USD,yfinance
GDXJ,2026-06-24T23:07:20Z,96.08,100.77,USD,yfinance
GDXJ,2026-06-25T23:21:54Z,97.9,97.4721,USD,yfinance
GDXJ,2026-06-26T23:10:13Z,100.29,97.96,USD,yfinance
GDXJ,2026-06-29T23:02:08Z,98.92,100.94,USD,yfinance
GDXJ,2026-06-30T23:17:05Z,98.25,99.2,USD,yfinance
GDXJ,2026-07-01T23:19:04Z,98.05,97.85,USD,yfinance
GDXJ,2026-07-02T23:11:26Z,102.91,98.05,USD,yfinance
GDXJ,2026-07-03T23:07:51Z,102.91,98.05,USD,yfinance
GEV,2026-06-18T18:51:08Z,1097.28,1059.0,USD,yfinance
GEV,2026-06-18T23:48:55Z,1109.73,1059.0,USD,yfinance
GEV,2026-06-19T23:02:14Z,1109.73,1059.0,USD,yfinance
GEV,2026-06-22T23:23:56Z,1127.59,1112.88,USD,yfinance
GEV,2026-06-23T23:11:52Z,1034.98,1128.84,USD,yfinance
GEV,2026-06-24T23:07:50Z,1057.65,1039.112,USD,yfinance
GEV,2026-06-25T23:22:24Z,1085.47,1080.1,USD,yfinance
GEV,2026-06-26T23:10:52Z,1045.17,1084.8,USD,yfinance
GEV,2026-06-29T23:02:45Z,1102.51,1046.4,USD,yfinance
GEV,2026-06-30T23:17:42Z,1174.86,1103.5001,USD,yfinance
GEV,2026-07-01T23:19:34Z,1134.35,1177.0,USD,yfinance
GEV,2026-07-02T23:11:56Z,1113.11,1135.0,USD,yfinance
GEV,2026-07-03T23:08:21Z,1113.11,1135.0,USD,yfinance
GLD,2026-06-18T17:48:06Z,387.975,392.71,USD,yfinance
GLD,2026-06-18T18:02:35Z,388.0901,392.71,USD,yfinance
GLD,2026-06-18T18:51:59Z,387.42,392.71,USD,yfinance
GLD,2026-06-18T23:49:42Z,387.12,392.71,USD,yfinance
GLD,2026-06-19T23:03:01Z,387.12,392.71,USD,yfinance
GLD,2026-06-22T23:24:42Z,384.59,384.29,USD,yfinance
GLD,2026-06-23T23:12:51Z,377.32,384.3,USD,yfinance
GLD,2026-06-24T23:08:38Z,365.92,376.27,USD,yfinance
GLD,2026-06-25T23:23:13Z,369.46,368.16,USD,yfinance
GLD,2026-06-26T23:11:52Z,373.63,368.44,USD,yfinance
GLD,2026-06-29T23:03:45Z,368.58,374.98,USD,yfinance
GLD,2026-06-30T23:18:41Z,368.38,368.48,USD,yfinance
GLD,2026-07-01T23:20:23Z,370.6,367.5,USD,yfinance
GLD,2026-07-02T23:12:44Z,378.13,370.2784,USD,yfinance
GLD,2026-07-03T23:09:09Z,378.13,370.2784,USD,yfinance
GLW,2026-06-18T18:50:58Z,192.74,177.79,USD,yfinance
GLW,2026-06-18T23:48:48Z,194.92,177.79,USD,yfinance
GLW,2026-06-19T23:02:06Z,194.92,177.79,USD,yfinance
GLW,2026-06-22T23:23:49Z,209.83,194.92,USD,yfinance
GLW,2026-06-23T23:11:43Z,194.07,209.6,USD,yfinance
GLW,2026-06-24T23:07:42Z,205.83,194.19,USD,yfinance
GLW,2026-06-25T23:22:16Z,228.01,215.69,USD,yfinance
GLW,2026-06-26T23:10:42Z,221.05,229.8,USD,yfinance
GLW,2026-06-29T23:02:36Z,255.69,220.22,USD,yfinance
GLW,2026-06-30T23:17:33Z,255.43,256.37,USD,yfinance
GLW,2026-07-01T23:19:27Z,220.63,253.4847,USD,yfinance
GLW,2026-07-02T23:11:48Z,196.79,220.0,USD,yfinance
GLW,2026-07-03T23:08:14Z,196.79,220.0,USD,yfinance
GOLD,2026-06-18T18:51:18Z,41.86,42.6,USD,yfinance
GOLD,2026-06-18T23:49:05Z,42.25,42.6,USD,yfinance
GOLD,2026-06-19T23:02:23Z,42.25,42.6,USD,yfinance
GOLD,2026-06-22T23:24:05Z,41.81,42.65,USD,yfinance
GOLD,2026-06-23T23:12:04Z,42.38,42.0,USD,yfinance
GOLD,2026-06-24T23:08:00Z,41.32,42.7738,USD,yfinance
GOLD,2026-06-25T23:22:34Z,41.45,41.5,USD,yfinance
GOLD,2026-06-26T23:11:03Z,41.92,41.55,USD,yfinance
GOLD,2026-06-29T23:02:57Z,41.11,42.0453,USD,yfinance
GOLD,2026-06-30T23:17:53Z,41.61,41.222,USD,yfinance
GOLD,2026-07-01T23:19:44Z,42.53,41.16,USD,yfinance
GOLD,2026-07-02T23:12:05Z,43.99,43.3,USD,yfinance
GOLD,2026-07-03T23:08:31Z,43.99,43.3,USD,yfinance
HIMS,2026-06-18T18:50:28Z,35.35,32.2,USD,yfinance
HIMS,2026-06-18T23:48:19Z,35.47,32.2,USD,yfinance
HIMS,2026-06-19T23:01:37Z,35.47,32.2,USD,yfinance
HIMS,2026-06-22T23:23:21Z,33.54,35.2496,USD,yfinance
HIMS,2026-06-23T23:11:07Z,32.96,33.31,USD,yfinance
HIMS,2026-06-24T23:07:13Z,32.7,33.0,USD,yfinance
HIMS,2026-06-25T23:21:47Z,32.71,32.92,USD,yfinance
HIMS,2026-06-26T23:10:05Z,33.94,32.39,USD,yfinance
HIMS,2026-06-29T23:02:00Z,33.39,34.04,USD,yfinance
HIMS,2026-06-30T23:16:58Z,34.67,33.06,USD,yfinance
HIMS,2026-07-01T23:18:57Z,37.57,34.68,USD,yfinance
HIMS,2026-07-02T23:11:19Z,36.8,37.32,USD,yfinance
HIMS,2026-07-03T23:07:45Z,36.8,37.32,USD,yfinance
HIMX,2026-06-18T18:50:17Z,17.95,17.06,USD,yfinance
HIMX,2026-06-18T23:48:09Z,18.11,17.06,USD,yfinance
HIMX,2026-06-19T23:01:27Z,18.11,17.06,USD,yfinance
HIMX,2026-06-22T23:23:11Z,18.54,18.0766,USD,yfinance
HIMX,2026-06-23T23:10:55Z,16.775,18.6,USD,yfinance
HIMX,2026-06-24T23:07:03Z,15.73,17.08,USD,yfinance
HIMX,2026-06-25T23:21:37Z,15.09,16.5544,USD,yfinance
HIMX,2026-06-26T23:09:52Z,14.39,15.09,USD,yfinance
HIMX,2026-06-29T23:01:47Z,14.57,14.36,USD,yfinance
HIMX,2026-06-30T23:16:45Z,15.34,14.7,USD,yfinance
HIMX,2026-07-01T23:18:47Z,14.24,15.4998,USD,yfinance
HIMX,2026-07-02T23:11:09Z,13.15,14.39,USD,yfinance
HIMX,2026-07-03T23:07:35Z,13.15,14.39,USD,yfinance
HL,2026-06-18T18:51:25Z,15.775,16.21,USD,yfinance
HL,2026-06-18T23:49:11Z,15.96,16.21,USD,yfinance
HL,2026-06-19T23:02:30Z,15.96,16.21,USD,yfinance
HL,2026-06-22T23:24:11Z,15.98,15.955,USD,yfinance
HL,2026-06-23T23:12:12Z,15.07,15.9205,USD,yfinance
HL,2026-06-24T23:08:06Z,14.52,15.0801,USD,yfinance
HL,2026-06-25T23:22:41Z,15.15,14.6788,USD,yfinance
HL,2026-06-26T23:11:12Z,15.54,15.2291,USD,yfinance
HL,2026-06-29T23:03:06Z,15.4,15.64,USD,yfinance
HL,2026-06-30T23:18:02Z,15.43,15.4893,USD,yfinance
HL,2026-07-01T23:19:51Z,15.59,15.3704,USD,yfinance
HL,2026-07-02T23:12:12Z,16.33,15.62,USD,yfinance
HL,2026-07-03T23:08:37Z,16.33,15.62,USD,yfinance
IBIT,2026-06-18T18:51:48Z,35.515,36.4905,USD,yfinance
IBIT,2026-06-18T23:49:32Z,35.62,36.4905,USD,yfinance
IBIT,2026-06-19T23:02:51Z,35.62,36.4905,USD,yfinance
IBIT,2026-06-22T23:24:32Z,36.5,35.62,USD,yfinance
IBIT,2026-06-23T23:12:39Z,35.31,36.2139,USD,yfinance
IBIT,2026-06-24T23:08:28Z,33.87,35.46,USD,yfinance
IBIT,2026-06-25T23:23:03Z,33.52,34.5598,USD,yfinance
IBIT,2026-06-26T23:11:39Z,33.85,33.84,USD,yfinance
IBIT,2026-06-29T23:03:33Z,34.18,33.9799,USD,yfinance
IBIT,2026-06-30T23:18:29Z,33.29,34.11,USD,yfinance
IBIT,2026-07-01T23:20:13Z,34.0,33.17,USD,yfinance
IBIT,2026-07-02T23:12:34Z,34.87,33.9783,USD,yfinance
IBIT,2026-07-03T23:08:59Z,34.87,33.9783,USD,yfinance
ICOP,2026-06-18T18:50:36Z,53.9099,53.97,USD,yfinance
ICOP,2026-06-18T23:48:27Z,53.86,53.97,USD,yfinance
ICOP,2026-06-19T23:01:45Z,53.86,53.97,USD,yfinance
ICOP,2026-06-22T23:23:28Z,53.06,54.05,USD,yfinance
ICOP,2026-06-23T23:11:17Z,50.2438,53.11,USD,yfinance
ICOP,2026-06-24T23:07:21Z,48.1265,50.45,USD,yfinance
ICOP,2026-06-25T23:21:55Z,49.0,48.79,USD,yfinance
ICOP,2026-06-26T23:10:14Z,48.8929,49.37,USD,yfinance
ICOP,2026-06-29T23:02:10Z,48.7191,48.9,USD,yfinance
ICOP,2026-06-30T23:17:07Z,49.23,48.7876,USD,yfinance
ICOP,2026-07-01T23:19:05Z,48.5408,48.5723,USD,yfinance
ICOP,2026-07-02T23:11:27Z,49.2431,49.3,USD,yfinance
ICOP,2026-07-03T23:07:52Z,49.243,49.3,USD,yfinance
IFNNY,2026-06-18T18:50:24Z,94.38,87.64,USD,yfinance
IFNNY,2026-06-18T23:48:15Z,87.59,87.59,USD,yfinance
IFNNY,2026-06-19T23:01:34Z,95.23,87.59,USD,yfinance
IFNNY,2026-06-22T23:23:17Z,99.13,95.24,USD,yfinance
IFNNY,2026-06-23T23:11:03Z,92.21,99.13,USD,yfinance
IFNNY,2026-06-24T23:07:09Z,90.07,92.21,USD,yfinance
IFNNY,2026-06-25T23:21:43Z,89.72,90.07,USD,yfinance
IFNNY,2026-06-26T23:10:00Z,88.46,93.56,USD,yfinance
IFNNY,2026-06-29T23:01:55Z,90.92,88.46,USD,yfinance
IFNNY,2026-06-30T23:16:53Z,90.93,90.92,USD,yfinance
IFNNY,2026-07-01T23:18:53Z,89.57,93.89,USD,yfinance
IFNNY,2026-07-02T23:11:15Z,86.35,89.57,USD,yfinance
IFNNY,2026-07-03T23:07:41Z,86.18,89.13,USD,yfinance
IGV,2026-06-18T18:50:32Z,89.07,89.8993,USD,yfinance
IGV,2026-06-18T23:48:23Z,89.09,89.8993,USD,yfinance
IGV,2026-06-19T23:01:41Z,89.09,89.8993,USD,yfinance
IGV,2026-06-22T23:23:24Z,87.31,89.05,USD,yfinance
IGV,2026-06-23T23:11:12Z,87.32,87.4698,USD,yfinance
IGV,2026-06-24T23:07:17Z,86.17,87.7099,USD,yfinance
IGV,2026-06-25T23:21:51Z,84.76,86.1,USD,yfinance
IGV,2026-06-26T23:10:10Z,88.2,84.85,USD,yfinance
IGV,2026-06-29T23:02:05Z,89.89,88.13,USD,yfinance
IGV,2026-06-30T23:17:02Z,90.6,90.18,USD,yfinance
IGV,2026-07-01T23:19:01Z,93.34,90.74,USD,yfinance
IGV,2026-07-02T23:11:23Z,93.57,93.35,USD,yfinance
IGV,2026-07-03T23:07:49Z,93.57,93.35,USD,yfinance
INTC,2026-06-18T18:50:03Z,134.29,124.3307,USD,yfinance
INTC,2026-06-18T23:47:56Z,133.99,124.3307,USD,yfinance
INTC,2026-06-19T23:01:15Z,133.99,124.3307,USD,yfinance
INTC,2026-06-22T23:22:58Z,140.94,134.18,USD,yfinance
INTC,2026-06-23T23:10:39Z,132.28,139.0,USD,yfinance
INTC,2026-06-24T23:06:50Z,131.65,132.81,USD,yfinance
INTC,2026-06-25T23:21:24Z,132.87,138.69,USD,yfinance
INTC,2026-06-26T23:09:35Z,128.32,131.8101,USD,yfinance
INTC,2026-06-29T23:01:30Z,131.72,127.6198,USD,yfinance
INTC,2026-06-30T23:16:30Z,139.63,131.68,USD,yfinance
INTC,2026-07-01T23:18:34Z,127.02,139.3956,USD,yfinance
INTC,2026-07-02T23:10:55Z,120.35,127.1805,USD,yfinance
INTC,2026-07-03T23:07:22Z,120.35,127.1805,USD,yfinance
IREN,2026-06-18T17:48:04Z,60.195,59.07,USD,yfinance
IREN,2026-06-18T18:02:32Z,60.155,59.07,USD,yfinance
IREN,2026-06-18T18:50:11Z,59.235,59.07,USD,yfinance
IREN,2026-06-18T23:48:04Z,59.96,59.07,USD,yfinance
IREN,2026-06-19T23:01:22Z,59.96,59.07,USD,yfinance
IREN,2026-06-22T23:23:06Z,56.87,60.03,USD,yfinance
IREN,2026-06-23T23:10:49Z,54.72,57.0,USD,yfinance
IREN,2026-06-24T23:06:57Z,50.3,54.9,USD,yfinance
IREN,2026-06-25T23:21:31Z,47.74,52.4981,USD,yfinance
IREN,2026-06-26T23:09:45Z,47.21,47.73,USD,yfinance
IREN,2026-06-29T23:01:40Z,45.91,46.98,USD,yfinance
IREN,2026-06-30T23:16:39Z,45.73,46.2057,USD,yfinance
IREN,2026-07-01T23:18:42Z,43.32,46.2,USD,yfinance
IREN,2026-07-02T23:11:03Z,38.82,43.22,USD,yfinance
IREN,2026-07-03T23:07:30Z,38.82,43.22,USD,yfinance
JPM,2026-06-18T18:50:01Z,328.15,334.5,USD,yfinance
JPM,2026-06-18T23:47:54Z,325.22,334.5,USD,yfinance
JPM,2026-06-19T23:01:12Z,325.22,334.5,USD,yfinance
JPM,2026-06-22T23:22:56Z,331.48,325.9,USD,yfinance
JPM,2026-06-23T23:10:36Z,334.14,331.81,USD,yfinance
JPM,2026-06-24T23:06:47Z,333.45,334.5,USD,yfinance
JPM,2026-06-25T23:21:21Z,335.12,335.0497,USD,yfinance
JPM,2026-06-26T23:09:32Z,329.05,336.79,USD,yfinance
JPM,2026-06-29T23:01:27Z,329.39,329.17,USD,yfinance
JPM,2026-06-30T23:16:27Z,327.33,329.1971,USD,yfinance
JPM,2026-07-01T23:18:31Z,334.07,327.04,USD,yfinance
JPM,2026-07-02T23:10:53Z,334.47,333.87,USD,yfinance
JPM,2026-07-03T23:07:20Z,334.47,333.87,USD,yfinance
KGC,2026-06-18T18:51:22Z,26.555,27.57,USD,yfinance
KGC,2026-06-18T23:49:08Z,26.67,27.57,USD,yfinance
KGC,2026-06-19T23:02:27Z,26.67,27.57,USD,yfinance
KGC,2026-06-22T23:24:09Z,26.3,26.7,USD,yfinance
KGC,2026-06-23T23:12:09Z,25.01,25.85,USD,yfinance
KGC,2026-06-24T23:08:04Z,23.7,25.06,USD,yfinance
KGC,2026-06-25T23:22:38Z,24.04,24.0915,USD,yfinance
KGC,2026-06-26T23:11:08Z,24.26,24.15,USD,yfinance
KGC,2026-06-29T23:03:02Z,23.78,24.4373,USD,yfinance
KGC,2026-06-30T23:17:59Z,23.62,23.8764,USD,yfinance
KGC,2026-07-01T23:19:48Z,23.47,23.49,USD,yfinance
KGC,2026-07-02T23:12:09Z,24.71,23.49,USD,yfinance
KGC,2026-07-03T23:08:35Z,24.71,23.49,USD,yfinance
LITE,2026-06-18T18:50:54Z,835.0,878.02,USD,yfinance
LITE,2026-06-18T23:48:44Z,850.0,878.02,USD,yfinance
LITE,2026-06-19T23:02:02Z,850.0,878.02,USD,yfinance
LITE,2026-06-22T23:23:45Z,893.93,847.9999,USD,yfinance
LITE,2026-06-23T23:11:38Z,827.92,885.72,USD,yfinance
LITE,2026-06-24T23:07:38Z,842.53,829.87,USD,yfinance
LITE,2026-06-25T23:22:12Z,861.97,869.0,USD,yfinance
LITE,2026-06-26T23:10:37Z,816.98,853.5,USD,yfinance
LITE,2026-06-29T23:02:31Z,851.4,811.8,USD,yfinance
LITE,2026-06-30T23:17:28Z,858.06,846.6,USD,yfinance
LITE,2026-07-01T23:19:23Z,801.16,857.9299,USD,yfinance
LITE,2026-07-02T23:11:44Z,728.32,798.58,USD,yfinance
LITE,2026-07-03T23:08:10Z,728.32,798.58,USD,yfinance
MARS,2026-06-18T18:50:37Z,32.22,33.0,USD,yfinance
MARS,2026-06-18T23:48:28Z,32.83,33.0,USD,yfinance
MARS,2026-06-19T23:01:46Z,32.83,33.0,USD,yfinance
MARS,2026-06-22T23:23:29Z,30.82,32.2,USD,yfinance
MARS,2026-06-23T23:11:18Z,30.14,31.25,USD,yfinance
MARS,2026-06-24T23:07:22Z,28.71,30.6,USD,yfinance
MARS,2026-06-25T23:21:56Z,27.76,28.43,USD,yfinance
MARS,2026-06-26T23:10:16Z,28.15,28.13,USD,yfinance
MARS,2026-06-29T23:02:11Z,31.02,28.86,USD,yfinance
MARS,2026-06-30T23:17:08Z,32.31,31.3,USD,yfinance
MARS,2026-07-01T23:19:06Z,31.29,32.86,USD,yfinance
MARS,2026-07-02T23:11:28Z,31.36,31.25,USD,yfinance
MARS,2026-07-03T23:07:54Z,31.36,31.25,USD,yfinance
MPWR,2026-06-18T18:50:51Z,1561.225,1477.0,USD,yfinance
MPWR,2026-06-18T23:48:42Z,1563.7,1477.0,USD,yfinance
MPWR,2026-06-19T23:02:00Z,1563.7,1477.0,USD,yfinance
MPWR,2026-06-22T23:23:42Z,1537.88,1565.0,USD,yfinance
MPWR,2026-06-23T23:11:35Z,1423.76,1512.0,USD,yfinance
MPWR,2026-06-24T23:07:36Z,1434.95,1434.66,USD,yfinance
MPWR,2026-06-25T23:22:10Z,1438.3,1477.96,USD,yfinance
MPWR,2026-06-26T23:10:33Z,1313.3199,1404.0,USD,yfinance
MPWR,2026-06-29T23:02:28Z,1312.77,1318.44,USD,yfinance
MPWR,2026-06-30T23:17:25Z,1382.36,1306.0,USD,yfinance
MPWR,2026-07-01T23:19:20Z,1331.73,1385.0,USD,yfinance
MPWR,2026-07-02T23:11:42Z,1288.16,1340.0,USD,yfinance
MPWR,2026-07-03T23:08:07Z,1288.16,1340.0,USD,yfinance
MRAAY,2026-06-18T18:50:53Z,36.68,36.08,USD,yfinance
MRAAY,2026-06-18T23:48:43Z,36.08,36.08,USD,yfinance
MRAAY,2026-06-19T23:02:01Z,36.95,36.08,USD,yfinance
MRAAY,2026-06-22T23:23:44Z,38.28,36.95,USD,yfinance
MRAAY,2026-06-23T23:11:37Z,33.89,38.27,USD,yfinance
MRAAY,2026-06-24T23:07:37Z,34.33,33.93,USD,yfinance
MRAAY,2026-06-25T23:22:11Z,34.33,34.33,USD,yfinance
MRAAY,2026-06-26T23:10:35Z,33.69,35.68,USD,yfinance
MRAAY,2026-06-29T23:02:29Z,34.99,33.75,USD,yfinance
MRAAY,2026-06-30T23:17:26Z,34.9,34.9,USD,yfinance
MRAAY,2026-07-01T23:19:22Z,36.05,36.2,USD,yfinance
MRAAY,2026-07-02T23:11:43Z,32.55,36.01,USD,yfinance
MRAAY,2026-07-03T23:08:09Z,32.68,36.01,USD,yfinance
MRVL,2026-06-18T18:50:45Z,322.025,297.696,USD,yfinance
MRVL,2026-06-18T23:48:36Z,310.58,297.696,USD,yfinance
MRVL,2026-06-19T23:01:54Z,310.58,297.696,USD,yfinance
MRVL,2026-06-22T23:23:37Z,307.86,313.505,USD,yfinance
MRVL,2026-06-23T23:11:28Z,279.04,303.5609,USD,yfinance
MRVL,2026-06-24T23:07:30Z,276.7,280.9,USD,yfinance
MRVL,2026-06-25T23:22:04Z,281.26,291.01,USD,yfinance
MRVL,2026-06-26T23:10:25Z,266.77,277.5,USD,yfinance
MRVL,2026-06-29T23:02:20Z,277.75,265.48,USD,yfinance
MRVL,2026-06-30T23:17:17Z,297.89,276.8,USD,yfinance
MRVL,2026-07-01T23:19:14Z,272.05,298.0999,USD,yfinance
MRVL,2026-07-02T23:11:36Z,245.29,270.69,USD,yfinance
MRVL,2026-07-03T23:08:01Z,245.29,270.69,USD,yfinance
MU,2026-06-18T18:50:09Z,1144.2,1077.7,USD,yfinance
MU,2026-06-18T23:48:02Z,1133.99,1077.7,USD,yfinance
MU,2026-06-19T23:01:20Z,1133.99,1077.7,USD,yfinance
MU,2026-06-22T23:23:04Z,1211.38,1151.95,USD,yfinance
MU,2026-06-23T23:10:46Z,1051.77,1230.43,USD,yfinance
MU,2026-06-24T23:06:55Z,1048.51,1064.9987,USD,yfinance
MU,2026-06-25T23:21:29Z,1213.5601,1213.96,USD,yfinance
MU,2026-06-26T23:09:42Z,1132.33,1188.2584,USD,yfinance
MU,2026-06-29T23:01:37Z,1145.28,1133.3608,USD,yfinance
MU,2026-06-30T23:16:36Z,1154.29,1138.65,USD,yfinance
MU,2026-07-01T23:18:39Z,1032.28,1156.416,USD,yfinance
MU,2026-07-02T23:11:01Z,975.56,1020.1,USD,yfinance
MU,2026-07-03T23:07:27Z,975.56,1020.1,USD,yfinance
NBIS,2026-06-18T18:50:13Z,281.64,290.55,USD,yfinance
NBIS,2026-06-18T23:48:05Z,286.69,290.55,USD,yfinance
NBIS,2026-06-19T23:01:24Z,286.69,290.55,USD,yfinance
NBIS,2026-06-22T23:23:07Z,283.61,285.2875,USD,yfinance
NBIS,2026-06-23T23:10:50Z,275.25,281.24,USD,yfinance
NBIS,2026-06-24T23:06:59Z,259.66,278.1353,USD,yfinance
NBIS,2026-06-25T23:21:33Z,256.63,275.4652,USD,yfinance
NBIS,2026-06-26T23:09:47Z,240.3,256.0,USD,yfinance
NBIS,2026-06-29T23:01:42Z,261.15,239.13,USD,yfinance
NBIS,2026-06-30T23:16:41Z,276.17,263.6264,USD,yfinance
NBIS,2026-07-01T23:18:43Z,229.18,279.5,USD,yfinance
NBIS,2026-07-02T23:11:05Z,215.62,230.46,USD,yfinance
NBIS,2026-07-03T23:07:31Z,215.62,230.46,USD,yfinance
NEM,2026-06-18T18:51:16Z,103.4999,105.94,USD,yfinance
NEM,2026-06-18T23:49:03Z,103.79,105.94,USD,yfinance
NEM,2026-06-19T23:02:22Z,103.79,105.94,USD,yfinance
NEM,2026-06-22T23:24:04Z,101.8,103.9,USD,yfinance
NEM,2026-06-23T23:12:02Z,97.84,100.6,USD,yfinance
NEM,2026-06-24T23:07:58Z,94.04,97.8399,USD,yfinance
NEM,2026-06-25T23:22:32Z,95.35,94.76,USD,yfinance
NEM,2026-06-26T23:11:02Z,96.13,95.53,USD,yfinance
NEM,2026-06-29T23:02:56Z,94.51,96.49,USD,yfinance
NEM,2026-06-30T23:17:52Z,93.4,94.5,USD,yfinance
NEM,2026-07-01T23:19:43Z,93.3,92.93,USD,yfinance
NEM,2026-07-02T23:12:04Z,97.04,93.01,USD,yfinance
NEM,2026-07-03T23:08:29Z,97.04,93.01,USD,yfinance
NOK,2026-06-18T18:50:16Z,13.38,13.93,USD,yfinance
NOK,2026-06-18T23:48:08Z,13.49,13.93,USD,yfinance
NOK,2026-06-19T23:01:26Z,13.49,13.93,USD,yfinance
NOK,2026-06-22T23:23:10Z,14.43,13.5872,USD,yfinance
NOK,2026-06-23T23:10:53Z,13.7,14.31,USD,yfinance
NOK,2026-06-24T23:07:01Z,13.81,13.72,USD,yfinance
NOK,2026-06-25T23:21:35Z,13.98,14.2399,USD,yfinance
NOK,2026-06-26T23:09:50Z,13.01,13.97,USD,yfinance
NOK,2026-06-29T23:01:45Z,13.03,12.92,USD,yfinance
NOK,2026-06-30T23:16:44Z,13.28,12.9902,USD,yfinance
NOK,2026-07-01T23:18:45Z,12.91,13.26,USD,yfinance
NOK,2026-07-02T23:11:07Z,12.07,12.85,USD,yfinance
NOK,2026-07-03T23:07:34Z,12.07,12.85,USD,yfinance
NVDA,2026-06-18T17:48:05Z,210.19,206.3,USD,yfinance
NVDA,2026-06-18T18:02:33Z,209.76,206.3,USD,yfinance
NVDA,2026-06-18T18:50:02Z,210.0601,206.3,USD,yfinance
NVDA,2026-06-18T23:47:55Z,210.69,206.3,USD,yfinance
NVDA,2026-06-19T23:01:13Z,210.69,206.3,USD,yfinance
NVDA,2026-06-22T23:22:57Z,208.65,210.33,USD,yfinance
NVDA,2026-06-23T23:10:38Z,200.04,207.825,USD,yfinance
NVDA,2026-06-24T23:06:48Z,199.0,200.9,USD,yfinance
NVDA,2026-06-25T23:21:22Z,195.74,200.6875,USD,yfinance
NVDA,2026-06-26T23:09:33Z,192.53,194.8,USD,yfinance
NVDA,2026-06-29T23:01:29Z,194.97,192.79,USD,yfinance
NVDA,2026-06-30T23:16:28Z,200.09,195.12,USD,yfinance
NVDA,2026-07-01T23:18:33Z,197.58,199.53,USD,yfinance
NVDA,2026-07-02T23:10:54Z,194.83,197.04,USD,yfinance
NVDA,2026-07-03T23:07:21Z,194.83,197.04,USD,yfinance
NVO,2026-06-18T18:50:26Z,43.135,43.6,USD,yfinance
NVO,2026-06-18T23:48:18Z,43.19,43.6,USD,yfinance
NVO,2026-06-19T23:01:36Z,43.19,43.6,USD,yfinance
NVO,2026-06-22T23:23:19Z,45.88,43.14,USD,yfinance
NVO,2026-06-23T23:11:06Z,47.42,45.63,USD,yfinance
NVO,2026-06-24T23:07:12Z,47.41,47.335,USD,yfinance
NVO,2026-06-25T23:21:46Z,47.64,47.25,USD,yfinance
NVO,2026-06-26T23:10:03Z,48.07,47.62,USD,yfinance
NVO,2026-06-29T23:01:58Z,48.34,48.0104,USD,yfinance
NVO,2026-06-30T23:16:56Z,47.94,48.23,USD,yfinance
NVO,2026-07-01T23:18:56Z,48.77,47.9542,USD,yfinance
NVO,2026-07-02T23:11:18Z,50.43,48.55,USD,yfinance
NVO,2026-07-03T23:07:44Z,50.43,48.55,USD,yfinance
NVTS,2026-06-18T18:50:49Z,23.2001,22.85,USD,yfinance
NVTS,2026-06-18T23:48:39Z,24.02,22.85,USD,yfinance
NVTS,2026-06-19T23:01:57Z,24.02,22.85,USD,yfinance
NVTS,2026-06-22T23:23:40Z,23.7,24.02,USD,yfinance
NVTS,2026-06-23T23:11:32Z,21.4,23.58,USD,yfinance
NVTS,2026-06-24T23:07:33Z,18.32,21.3482,USD,yfinance
NVTS,2026-06-25T23:22:07Z,17.7,19.75,USD,yfinance
NVTS,2026-06-26T23:10:30Z,17.3,17.5795,USD,yfinance
NVTS,2026-06-29T23:02:25Z,17.74,17.2687,USD,yfinance
NVTS,2026-06-30T23:17:22Z,17.92,17.75,USD,yfinance
NVTS,2026-07-01T23:19:18Z,16.53,17.95,USD,yfinance
NVTS,2026-07-02T23:11:39Z,14.46,16.6,USD,yfinance
NVTS,2026-07-03T23:08:05Z,14.46,16.6,USD,yfinance
PAAS,2026-06-18T18:51:26Z,49.165,50.9,USD,yfinance
PAAS,2026-06-18T23:49:12Z,49.0,50.9,USD,yfinance
PAAS,2026-06-19T23:02:31Z,49.0,50.9,USD,yfinance
PAAS,2026-06-22T23:24:13Z,48.91,49.09,USD,yfinance
PAAS,2026-06-23T23:12:14Z,46.22,48.41,USD,yfinance
PAAS,2026-06-24T23:08:08Z,44.39,46.67,USD,yfinance
PAAS,2026-06-25T23:22:42Z,44.99,44.8,USD,yfinance
PAAS,2026-06-26T23:11:13Z,45.45,45.01,USD,yfinance
PAAS,2026-06-29T23:03:07Z,44.67,45.8,USD,yfinance
PAAS,2026-06-30T23:18:03Z,44.79,44.7,USD,yfinance
PAAS,2026-07-01T23:19:52Z,44.33,44.69,USD,yfinance
PAAS,2026-07-02T23:12:13Z,46.29,44.59,USD,yfinance
PAAS,2026-07-03T23:08:38Z,46.29,44.59,USD,yfinance
PENG,2026-06-18T18:50:18Z,66.865,60.7499,USD,yfinance
PENG,2026-06-18T23:48:10Z,67.15,60.7499,USD,yfinance
PENG,2026-06-19T23:01:29Z,67.15,60.7499,USD,yfinance
PENG,2026-06-22T23:23:12Z,67.94,67.9827,USD,yfinance
PENG,2026-06-23T23:10:56Z,66.96,70.2526,USD,yfinance
PENG,2026-06-24T23:07:04Z,64.72,68.4,USD,yfinance
PENG,2026-06-25T23:21:38Z,66.77,69.3,USD,yfinance
PENG,2026-06-26T23:09:54Z,62.28,66.0,USD,yfinance
PENG,2026-06-29T23:01:48Z,67.94,61.55,USD,yfinance
PENG,2026-06-30T23:16:47Z,76.01,68.7,USD,yfinance
PENG,2026-07-01T23:18:48Z,68.81,75.98,USD,yfinance
PENG,2026-07-02T23:11:10Z,61.47,68.48,USD,yfinance
PENG,2026-07-03T23:07:36Z,61.47,68.48,USD,yfinance
POWI,2026-06-18T18:50:20Z,86.325,85.0,USD,yfinance
POWI,2026-06-18T23:48:11Z,87.11,85.0,USD,yfinance
POWI,2026-06-19T23:01:30Z,87.11,85.0,USD,yfinance
POWI,2026-06-22T23:23:13Z,87.35,87.99,USD,yfinance
POWI,2026-06-23T23:10:58Z,80.57,88.68,USD,yfinance
POWI,2026-06-24T23:07:05Z,81.86,80.4001,USD,yfinance
POWI,2026-06-25T23:21:39Z,84.81,87.5,USD,yfinance
POWI,2026-06-26T23:09:55Z,79.37,83.93,USD,yfinance
POWI,2026-06-29T23:01:50Z,78.96,80.12,USD,yfinance
POWI,2026-06-30T23:16:48Z,83.76,80.0,USD,yfinance
POWI,2026-07-01T23:18:50Z,80.27,83.76,USD,yfinance
POWI,2026-07-02T23:11:11Z,72.99,80.0,USD,yfinance
POWI,2026-07-03T23:07:37Z,72.99,80.0,USD,yfinance
QQQ,2026-06-18T17:48:02Z,740.395,729.96,USD,yfinance
QQQ,2026-06-18T18:02:31Z,740.06,729.96,USD,yfinance
QQQ,2026-06-18T18:50:29Z,739.69,729.96,USD,yfinance
QQQ,2026-06-18T23:48:20Z,740.62,729.96,USD,yfinance
QQQ,2026-06-19T23:01:39Z,740.62,729.96,USD,yfinance
QQQ,2026-06-22T23:23:22Z,737.95,739.78,USD,yfinance
QQQ,2026-06-23T23:11:09Z,713.65,736.17,USD,yfinance
QQQ,2026-06-24T23:07:14Z,710.62,716.04,USD,yfinance
QQQ,2026-06-25T23:21:48Z,716.38,724.54,USD,yfinance
QQQ,2026-06-26T23:10:06Z,706.52,715.1,USD,yfinance
QQQ,2026-06-29T23:02:01Z,724.08,706.14,USD,yfinance
QQQ,2026-06-30T23:16:59Z,736.4,724.02,USD,yfinance
QQQ,2026-07-01T23:18:59Z,725.17,736.29,USD,yfinance
QQQ,2026-07-02T23:11:20Z,712.6,724.36,USD,yfinance
QQQ,2026-07-03T23:07:46Z,712.6,724.36,USD,yfinance
QTUM,2026-06-18T18:51:44Z,167.6,164.7697,USD,yfinance
QTUM,2026-06-18T23:49:29Z,167.965,164.7697,USD,yfinance
QTUM,2026-06-19T23:02:47Z,167.97,164.7697,USD,yfinance
QTUM,2026-06-22T23:24:29Z,168.6,168.2,USD,yfinance
QTUM,2026-06-23T23:12:34Z,163.34,169.7499,USD,yfinance
QTUM,2026-06-24T23:08:24Z,159.89,163.93,USD,yfinance
QTUM,2026-06-25T23:22:59Z,160.24,163.2,USD,yfinance
QTUM,2026-06-26T23:11:34Z,155.97,159.97,USD,yfinance
QTUM,2026-06-29T23:03:28Z,160.81,156.0,USD,yfinance
QTUM,2026-06-30T23:18:24Z,165.38,161.2,USD,yfinance
QTUM,2026-07-01T23:20:09Z,160.36,165.95,USD,yfinance
QTUM,2026-07-02T23:12:30Z,155.01,165.65,USD,yfinance
QTUM,2026-07-03T23:08:55Z,155.01,165.65,USD,yfinance
RDDT,2026-06-18T18:51:00Z,170.655,169.532,USD,yfinance
RDDT,2026-06-18T23:48:49Z,174.96,169.532,USD,yfinance
RDDT,2026-06-19T23:02:07Z,174.96,169.532,USD,yfinance
RDDT,2026-06-22T23:23:50Z,170.44,173.84,USD,yfinance
RDDT,2026-06-23T23:11:44Z,165.63,170.94,USD,yfinance
RDDT,2026-06-24T23:07:43Z,160.72,166.3,USD,yfinance
RDDT,2026-06-25T23:22:18Z,158.02,162.3259,USD,yfinance
RDDT,2026-06-26T23:10:43Z,166.94,158.05,USD,yfinance
RDDT,2026-06-29T23:02:37Z,174.39,166.07,USD,yfinance
RDDT,2026-06-30T23:17:35Z,173.58,174.25,USD,yfinance
RDDT,2026-07-01T23:19:28Z,197.76,173.1,USD,yfinance
RDDT,2026-07-02T23:11:50Z,194.67,196.2718,USD,yfinance
RDDT,2026-07-03T23:08:15Z,194.67,196.2718,USD,yfinance
RGLD,2026-06-18T18:51:36Z,214.326,220.37,USD,yfinance
RGLD,2026-06-18T23:49:21Z,214.82,220.37,USD,yfinance
RGLD,2026-06-19T23:02:40Z,214.82,220.37,USD,yfinance
RGLD,2026-06-22T23:24:21Z,214.65,214.82,USD,yfinance
RGLD,2026-06-23T23:12:25Z,206.61,215.29,USD,yfinance
RGLD,2026-06-24T23:08:17Z,202.24,206.61,USD,yfinance
RGLD,2026-06-25T23:22:51Z,204.62,202.6963,USD,yfinance
RGLD,2026-06-26T23:11:24Z,207.95,204.3,USD,yfinance
RGLD,2026-06-29T23:03:19Z,202.12,209.915,USD,yfinance
RGLD,2026-06-30T23:18:14Z,199.61,203.7,USD,yfinance
RGLD,2026-07-01T23:20:01Z,198.79,200.2634,USD,yfinance
RGLD,2026-07-02T23:12:22Z,204.13,199.14,USD,yfinance
RGLD,2026-07-03T23:08:47Z,204.13,199.14,USD,yfinance
RING,2026-06-18T18:50:33Z,71.23,78.0,USD,yfinance
RING,2026-06-18T23:48:24Z,71.35,78.0,USD,yfinance
RING,2026-06-19T23:01:43Z,71.35,78.0,USD,yfinance
RING,2026-06-22T23:23:26Z,70.03,71.35,USD,yfinance
RING,2026-06-23T23:11:14Z,66.85,71.25,USD,yfinance
RING,2026-06-24T23:07:18Z,64.06,67.71,USD,yfinance
RING,2026-06-25T23:21:52Z,65.01,64.84,USD,yfinance
RING,2026-06-26T23:10:11Z,65.96,65.61,USD,yfinance
RING,2026-06-29T23:02:06Z,64.81,65.0,USD,yfinance
RING,2026-06-30T23:17:04Z,64.6,67.73,USD,yfinance
RING,2026-07-01T23:19:03Z,64.61,63.4228,USD,yfinance
RING,2026-07-02T23:11:24Z,67.19,65.06,USD,yfinance
RING,2026-07-03T23:07:50Z,67.19,65.06,USD,yfinance
ROBT,2026-06-18T18:51:45Z,55.49,55.24,USD,yfinance
ROBT,2026-06-18T23:49:30Z,55.6224,55.24,USD,yfinance
ROBT,2026-06-19T23:02:48Z,55.622,55.24,USD,yfinance
ROBT,2026-06-22T23:24:30Z,55.011,55.04,USD,yfinance
ROBT,2026-06-23T23:12:36Z,53.6891,55.0,USD,yfinance
ROBT,2026-06-24T23:08:25Z,53.6333,53.7448,USD,yfinance
ROBT,2026-06-25T23:23:00Z,53.6688,54.0,USD,yfinance
ROBT,2026-06-26T23:11:36Z,54.1715,53.6688,USD,yfinance
ROBT,2026-06-29T23:03:30Z,55.2253,54.1715,USD,yfinance
ROBT,2026-06-30T23:18:25Z,56.26,55.2253,USD,yfinance
ROBT,2026-07-01T23:20:10Z,56.7237,57.4229,USD,yfinance
ROBT,2026-07-02T23:12:31Z,56.2549,56.99,USD,yfinance
ROBT,2026-07-03T23:08:56Z,56.255,56.99,USD,yfinance
SGDM,2026-06-18T18:51:40Z,68.07,70.1,USD,yfinance
SGDM,2026-06-18T23:49:25Z,68.07,70.1,USD,yfinance
SGDM,2026-06-19T23:02:44Z,68.07,70.1,USD,yfinance
SGDM,2026-06-22T23:24:25Z,67.23,68.0,USD,yfinance
SGDM,2026-06-23T23:12:29Z,64.41,67.35,USD,yfinance
SGDM,2026-06-24T23:08:20Z,61.52,64.91,USD,yfinance
SGDM,2026-06-25T23:22:55Z,62.52,62.66,USD,yfinance
SGDM,2026-06-26T23:11:29Z,64.12,61.08,USD,yfinance
SGDM,2026-06-29T23:03:23Z,62.85,65.0,USD,yfinance
SGDM,2026-06-30T23:18:19Z,62.87,63.0,USD,yfinance
SGDM,2026-07-01T23:20:05Z,63.36,62.87,USD,yfinance
SGDM,2026-07-02T23:12:26Z,65.6479,63.0,USD,yfinance
SGDM,2026-07-03T23:08:51Z,65.648,63.0,USD,yfinance
SI=F,2026-06-18T18:52:02Z,65.955,69.28,USD,yfinance
SI=F,2026-06-18T23:49:45Z,65.635,69.28,USD,yfinance
SI=F,2026-06-19T23:03:03Z,64.91,69.28,USD,yfinance
SI=F,2026-06-22T23:24:44Z,65.12,65.6,USD,yfinance
SI=F,2026-06-23T23:12:54Z,61.455,63.24,USD,yfinance
SI=F,2026-06-24T23:08:40Z,57.585,61.405,USD,yfinance
SI=F,2026-06-25T23:23:15Z,57.755,57.52,USD,yfinance
SI=F,2026-06-26T23:11:55Z,59.605,56.63,USD,yfinance
SI=F,2026-06-29T23:03:48Z,58.7,59.05,USD,yfinance
SI=F,2026-06-30T23:18:44Z,59.275,57.695,USD,yfinance
SI=F,2026-07-01T23:20:25Z,59.78,58.25,USD,yfinance
SI=F,2026-07-02T23:12:46Z,61.515,60.775,USD,yfinance
SI=F,2026-07-03T23:09:11Z,62.815,60.775,USD,yfinance
SIEGY,2026-06-18T18:51:11Z,159.18,156.69,USD,yfinance
SIEGY,2026-06-18T23:48:58Z,156.69,156.69,USD,yfinance
SIEGY,2026-06-19T23:02:16Z,158.79,156.69,USD,yfinance
SIEGY,2026-06-22T23:23:59Z,158.91,159.16,USD,yfinance
SIEGY,2026-06-23T23:11:56Z,159.06,159.06,USD,yfinance
SIEGY,2026-06-24T23:07:53Z,153.99,155.1,USD,yfinance
SIEGY,2026-06-25T23:22:27Z,153.67,153.99,USD,yfinance
SIEGY,2026-06-26T23:10:55Z,152.51,155.26,USD,yfinance
SIEGY,2026-06-29T23:02:49Z,154.8,152.46,USD,yfinance
SIEGY,2026-06-30T23:17:46Z,154.76,154.76,USD,yfinance
SIEGY,2026-07-01T23:19:37Z,155.45,161.0,USD,yfinance
SIEGY,2026-07-02T23:11:59Z,158.91,155.45,USD,yfinance
SIEGY,2026-07-03T23:08:24Z,158.13,155.45,USD,yfinance
SIL,2026-06-18T18:51:41Z,83.39,86.45,USD,yfinance
SIL,2026-06-18T23:49:26Z,83.73,86.45,USD,yfinance
SIL,2026-06-19T23:02:45Z,83.73,86.45,USD,yfinance
SIL,2026-06-22T23:24:26Z,83.07,82.7512,USD,yfinance
SIL,2026-06-23T23:12:31Z,78.53,82.01,USD,yfinance
SIL,2026-06-24T23:08:22Z,75.57,78.85,USD,yfinance
SIL,2026-06-25T23:22:56Z,77.09,76.3446,USD,yfinance
SIL,2026-06-26T23:11:31Z,78.42,77.2,USD,yfinance
SIL,2026-06-29T23:03:25Z,77.41,78.4,USD,yfinance
SIL,2026-06-30T23:18:21Z,77.46,77.4,USD,yfinance
SIL,2026-07-01T23:20:06Z,77.19,77.41,USD,yfinance
SIL,2026-07-02T23:12:28Z,80.2,79.89,USD,yfinance
SIL,2026-07-03T23:08:52Z,80.2,79.89,USD,yfinance
SILJ,2026-06-18T18:50:40Z,27.82,28.75,USD,yfinance
SILJ,2026-06-18T23:48:31Z,27.92,28.75,USD,yfinance
SILJ,2026-06-19T23:01:49Z,27.92,28.75,USD,yfinance
SILJ,2026-06-22T23:23:32Z,27.62,27.97,USD,yfinance
SILJ,2026-06-23T23:11:22Z,26.03,27.59,USD,yfinance
SILJ,2026-06-24T23:07:25Z,24.9,26.0098,USD,yfinance
SILJ,2026-06-25T23:21:59Z,25.55,25.32,USD,yfinance
SILJ,2026-06-26T23:10:19Z,26.12,25.65,USD,yfinance
SILJ,2026-06-29T23:02:14Z,25.79,26.13,USD,yfinance
SILJ,2026-06-30T23:17:11Z,25.92,25.95,USD,yfinance
SILJ,2026-07-01T23:19:09Z,25.91,25.67,USD,yfinance
SILJ,2026-07-02T23:11:31Z,26.73,25.9657,USD,yfinance
SILJ,2026-07-03T23:07:56Z,26.73,25.9657,USD,yfinance
SIVEF,2026-06-18T18:50:25Z,9.97,10.44,USD,yfinance
SIVEF,2026-06-18T23:48:16Z,10.12,10.44,USD,yfinance
SIVEF,2026-06-19T23:01:35Z,10.12,10.49,USD,yfinance
SIVEF,2026-06-22T23:23:18Z,10.05,10.12,USD,yfinance
SIVEF,2026-06-23T23:11:04Z,9.37,10.25,USD,yfinance
SIVEF,2026-06-24T23:07:10Z,8.11,9.36,USD,yfinance
SIVEF,2026-06-25T23:21:44Z,8.11,8.15,USD,yfinance
SIVEF,2026-06-26T23:10:02Z,6.76,7.39,USD,yfinance
SIVEF,2026-06-29T23:01:56Z,7.15,6.76,USD,yfinance
SIVEF,2026-06-30T23:16:54Z,7.15,7.15,USD,yfinance
SIVEF,2026-07-01T23:18:55Z,6.05,6.7,USD,yfinance
SIVEF,2026-07-02T23:11:16Z,5.28,6.0395,USD,yfinance
SIVEF,2026-07-03T23:07:42Z,5.28,6.0395,USD,yfinance
SLV,2026-06-18T18:50:38Z,59.605,61.78,USD,yfinance
SLV,2026-06-18T23:48:29Z,59.51,61.78,USD,yfinance
SLV,2026-06-19T23:01:48Z,59.51,61.78,USD,yfinance
SLV,2026-06-22T23:23:30Z,58.91,59.0775,USD,yfinance
SLV,2026-06-23T23:11:20Z,55.73,58.7485,USD,yfinance
SLV,2026-06-24T23:07:23Z,51.78,55.7,USD,yfinance
SLV,2026-06-25T23:21:57Z,52.36,52.1899,USD,yfinance
SLV,2026-06-26T23:10:17Z,53.28,52.27,USD,yfinance
SLV,2026-06-29T23:02:13Z,52.68,53.5,USD,yfinance
SLV,2026-06-30T23:17:10Z,53.47,52.83,USD,yfinance
SLV,2026-07-01T23:19:08Z,53.58,52.82,USD,yfinance
SLV,2026-07-02T23:11:29Z,55.02,53.42,USD,yfinance
SLV,2026-07-03T23:07:55Z,55.02,53.42,USD,yfinance
SMH,2026-06-18T18:51:51Z,659.735,636.01,USD,yfinance
SMH,2026-06-18T23:49:35Z,659.88,636.01,USD,yfinance
SMH,2026-06-19T23:02:54Z,659.88,636.01,USD,yfinance
SMH,2026-06-22T23:24:35Z,668.91,660.93,USD,yfinance
SMH,2026-06-23T23:12:42Z,622.05,666.048,USD,yfinance
SMH,2026-06-24T23:08:30Z,618.92,624.9596,USD,yfinance
SMH,2026-06-25T23:23:05Z,636.88,647.2,USD,yfinance
SMH,2026-06-26T23:11:42Z,611.61,632.3995,USD,yfinance
SMH,2026-06-29T23:03:36Z,631.98,609.4,USD,yfinance
SMH,2026-06-30T23:18:32Z,655.89,633.0,USD,yfinance
SMH,2026-07-01T23:20:15Z,620.46,657.0,USD,yfinance
SMH,2026-07-02T23:12:36Z,592.29,621.0,USD,yfinance
SMH,2026-07-03T23:09:01Z,592.29,621.0,USD,yfinance
SNDK,2026-06-18T18:51:05Z,2169.6599,2009.99,USD,yfinance
SNDK,2026-06-18T23:48:54Z,2184.75,2009.99,USD,yfinance
SNDK,2026-06-19T23:02:13Z,2184.75,2009.99,USD,yfinance
SNDK,2026-06-22T23:23:55Z,2273.73,2209.28,USD,yfinance
SNDK,2026-06-23T23:11:51Z,1963.6,2264.9968,USD,yfinance
SNDK,2026-06-24T23:07:49Z,1914.46,1985.6,USD,yfinance
SNDK,2026-06-25T23:22:23Z,2335.0,2150.02,USD,yfinance
SNDK,2026-06-26T23:10:50Z,2090.71,2316.955,USD,yfinance
SNDK,2026-06-29T23:02:43Z,2050.3899,2109.01,USD,yfinance
SNDK,2026-06-30T23:17:41Z,2273.73,2061.7058,USD,yfinance
SNDK,2026-07-01T23:19:33Z,2032.22,2247.0,USD,yfinance
SNDK,2026-07-02T23:11:55Z,1745.0,2014.2,USD,yfinance
SNDK,2026-07-03T23:08:20Z,1745.0,2014.2,USD,yfinance
SPY,2026-06-18T17:48:01Z,747.37,745.64,USD,yfinance
SPY,2026-06-18T18:02:29Z,746.89,745.64,USD,yfinance
SPY,2026-06-18T18:51:49Z,746.81,745.64,USD,yfinance
SPY,2026-06-18T23:49:34Z,746.74,745.64,USD,yfinance
SPY,2026-06-19T23:02:52Z,746.74,745.64,USD,yfinance
SPY,2026-06-22T23:24:34Z,744.39,746.94,USD,yfinance
SPY,2026-06-23T23:12:40Z,733.58,743.68,USD,yfinance
SPY,2026-06-24T23:08:29Z,733.24,735.02,USD,yfinance
SPY,2026-06-25T23:23:04Z,734.3,737.22,USD,yfinance
SPY,2026-06-26T23:11:41Z,728.99,732.89,USD,yfinance
SPY,2026-06-29T23:03:34Z,741.0,731.2006,USD,yfinance
SPY,2026-06-30T23:18:30Z,746.77,740.76,USD,yfinance
SPY,2026-07-01T23:20:14Z,745.76,746.3,USD,yfinance
SPY,2026-07-02T23:12:35Z,744.78,744.97,USD,yfinance
SPY,2026-07-03T23:09:00Z,744.78,744.97,USD,yfinance
SSRM,2026-06-18T18:51:32Z,30.975,32.2334,USD,yfinance
SSRM,2026-06-18T23:49:17Z,30.95,32.2334,USD,yfinance
SSRM,2026-06-19T23:02:36Z,30.95,32.2334,USD,yfinance
SSRM,2026-06-22T23:24:18Z,30.72,31.66,USD,yfinance
SSRM,2026-06-23T23:12:20Z,29.26,30.4,USD,yfinance
SSRM,2026-06-24T23:08:13Z,28.35,29.7522,USD,yfinance
SSRM,2026-06-25T23:22:47Z,28.46,28.21,USD,yfinance
SSRM,2026-06-26T23:11:20Z,29.38,28.73,USD,yfinance
SSRM,2026-06-29T23:03:14Z,28.375,29.62,USD,yfinance
SSRM,2026-06-30T23:18:09Z,28.28,28.3501,USD,yfinance
SSRM,2026-07-01T23:19:57Z,28.83,28.7128,USD,yfinance
SSRM,2026-07-02T23:12:19Z,30.62,28.99,USD,yfinance
SSRM,2026-07-03T23:08:43Z,30.62,28.99,USD,yfinance
TFPM,2026-06-18T18:51:37Z,29.88,30.5137,USD,yfinance
TFPM,2026-06-18T23:49:22Z,30.05,30.5137,USD,yfinance
TFPM,2026-06-19T23:02:41Z,30.05,30.5137,USD,yfinance
TFPM,2026-06-22T23:24:22Z,29.86,30.06,USD,yfinance
TFPM,2026-06-23T23:12:26Z,28.8,29.0256,USD,yfinance
TFPM,2026-06-24T23:08:18Z,28.07,28.8,USD,yfinance
TFPM,2026-06-25T23:22:52Z,28.17,28.2,USD,yfinance
TFPM,2026-06-26T23:11:26Z,29.9,28.8001,USD,yfinance
TFPM,2026-06-29T23:03:20Z,30.11,31.5,USD,yfinance
TFPM,2026-06-30T23:18:16Z,29.97,30.86,USD,yfinance
TFPM,2026-07-01T23:20:03Z,30.18,30.35,USD,yfinance
TFPM,2026-07-02T23:12:24Z,31.49,30.0696,USD,yfinance
TFPM,2026-07-03T23:08:49Z,31.49,30.0696,USD,yfinance
THNQ,2026-06-18T18:51:43Z,89.005,88.75,USD,yfinance
THNQ,2026-06-18T23:49:28Z,89.48,88.75,USD,yfinance
THNQ,2026-06-19T23:02:46Z,89.48,88.75,USD,yfinance
THNQ,2026-06-22T23:24:27Z,89.31,91.99,USD,yfinance
THNQ,2026-06-23T23:12:33Z,86.41,89.21,USD,yfinance
THNQ,2026-06-24T23:08:23Z,85.72,86.45,USD,yfinance
THNQ,2026-06-25T23:22:58Z,86.01,85.77,USD,yfinance
THNQ,2026-06-26T23:11:32Z,85.34,86.01,USD,yfinance
THNQ,2026-06-29T23:03:26Z,88.45,85.5,USD,yfinance
THNQ,2026-06-30T23:18:22Z,91.21,88.7,USD,yfinance
THNQ,2026-07-01T23:20:08Z,90.4993,91.5,USD,yfinance
THNQ,2026-07-02T23:12:29Z,88.18,93.2,USD,yfinance
THNQ,2026-07-03T23:08:54Z,88.18,93.2,USD,yfinance
TSM,2026-06-18T18:50:07Z,460.37,437.27,USD,yfinance
TSM,2026-06-18T23:48:00Z,462.12,437.27,USD,yfinance
TSM,2026-06-19T23:01:19Z,462.12,437.27,USD,yfinance
TSM,2026-06-22T23:23:02Z,467.67,462.34,USD,yfinance
TSM,2026-06-23T23:10:44Z,436.39,467.8,USD,yfinance
TSM,2026-06-24T23:06:54Z,440.83,440.49,USD,yfinance
TSM,2026-06-25T23:21:28Z,434.99,457.1264,USD,yfinance
TSM,2026-06-26T23:09:40Z,432.35,435.8,USD,yfinance
TSM,2026-06-29T23:01:36Z,455.1,431.36,USD,yfinance
TSM,2026-06-30T23:16:35Z,477.57,454.4689,USD,yfinance
TSM,2026-07-01T23:18:38Z,444.23,476.7,USD,yfinance
TSM,2026-07-02T23:10:59Z,434.16,448.42,USD,yfinance
TSM,2026-07-03T23:07:26Z,434.16,448.42,USD,yfinance
TXN,2026-06-18T18:51:15Z,321.53,303.37,USD,yfinance
TXN,2026-06-18T23:49:02Z,322.86,303.37,USD,yfinance
TXN,2026-06-19T23:02:20Z,322.86,303.37,USD,yfinance
TXN,2026-06-22T23:24:02Z,332.28,323.4017,USD,yfinance
TXN,2026-06-23T23:12:01Z,304.36,331.0,USD,yfinance
TXN,2026-06-24T23:07:57Z,303.11,304.25,USD,yfinance
TXN,2026-06-25T23:22:31Z,311.81,309.6001,USD,yfinance
TXN,2026-06-26T23:11:00Z,285.425,314.995,USD,yfinance
TXN,2026-06-29T23:02:54Z,285.48,284.6663,USD,yfinance
TXN,2026-06-30T23:17:50Z,298.07,284.92,USD,yfinance
TXN,2026-07-01T23:19:41Z,298.41,299.45,USD,yfinance
TXN,2026-07-02T23:12:03Z,293.08,296.1,USD,yfinance
TXN,2026-07-03T23:08:28Z,293.08,296.1,USD,yfinance
WOLF,2026-06-18T18:50:14Z,54.87,50.65,USD,yfinance
WOLF,2026-06-18T23:48:06Z,57.41,50.65,USD,yfinance
WOLF,2026-06-19T23:01:25Z,57.41,50.65,USD,yfinance
WOLF,2026-06-22T23:23:08Z,52.97,57.38,USD,yfinance
WOLF,2026-06-23T23:10:51Z,48.91,52.51,USD,yfinance
WOLF,2026-06-24T23:07:00Z,45.87,48.56,USD,yfinance
WOLF,2026-06-25T23:21:34Z,47.79,49.4,USD,yfinance
WOLF,2026-06-26T23:09:49Z,45.97,47.13,USD,yfinance
WOLF,2026-06-29T23:01:43Z,44.24,45.6901,USD,yfinance
WOLF,2026-06-30T23:16:42Z,48.25,44.22,USD,yfinance
WOLF,2026-07-01T23:18:44Z,44.56,49.1,USD,yfinance
WOLF,2026-07-02T23:11:06Z,40.0,44.81,USD,yfinance
WOLF,2026-07-03T23:07:32Z,40.0,44.81,USD,yfinance
WPM,2026-06-18T18:51:35Z,122.275,126.46,USD,yfinance
WPM,2026-06-18T23:49:20Z,122.57,126.46,USD,yfinance
WPM,2026-06-19T23:02:38Z,122.57,126.46,USD,yfinance
WPM,2026-06-22T23:24:20Z,121.72,122.5,USD,yfinance
WPM,2026-06-23T23:12:23Z,116.46,120.31,USD,yfinance
WPM,2026-06-24T23:08:15Z,112.79,116.41,USD,yfinance
WPM,2026-06-25T23:22:50Z,113.08,114.0996,USD,yfinance
WPM,2026-06-26T23:11:23Z,113.32,113.5,USD,yfinance
WPM,2026-06-29T23:03:17Z,110.93,113.87,USD,yfinance
WPM,2026-06-30T23:18:13Z,112.32,110.96,USD,yfinance
WPM,2026-07-01T23:20:00Z,111.44,112.5,USD,yfinance
WPM,2026-07-02T23:12:21Z,115.73,111.75,USD,yfinance
WPM,2026-07-03T23:08:46Z,115.73,111.75,USD,yfinance
^GSPC,2026-06-18T18:51:52Z,7497.7798,7421.7598,USD,yfinance
^GSPC,2026-06-18T23:49:36Z,7500.5801,7420.1,USD,yfinance
^GSPC,2026-06-19T23:02:55Z,7500.5801,7420.1,USD,yfinance
^GSPC,2026-06-22T23:24:36Z,7472.79,7500.58,USD,yfinance
^GSPC,2026-06-23T23:12:43Z,7365.46,7472.79,USD,yfinance
^GSPC,2026-06-24T23:08:32Z,7358.2202,7365.46,USD,yfinance
^GSPC,2026-06-25T23:23:07Z,7357.4902,7358.22,USD,yfinance
^GSPC,2026-06-26T23:11:44Z,7354.02,7357.49,USD,yfinance
^GSPC,2026-06-29T23:03:37Z,7440.4302,7354.02,USD,yfinance
^GSPC,2026-06-30T23:18:33Z,7499.3599,7440.43,USD,yfinance
^GSPC,2026-07-01T23:20:17Z,7483.23,7499.36,USD,yfinance
^GSPC,2026-07-02T23:12:38Z,7483.2402,7483.23,USD,yfinance
^GSPC,2026-07-03T23:09:03Z,7483.2402,7483.23,USD,yfinance
^IXIC,2026-06-18T18:51:54Z,26443.8633,26021.656,USD,yfinance
^IXIC,2026-06-18T23:49:37Z,26517.9316,26021.656,USD,yfinance
^IXIC,2026-06-19T23:02:56Z,26517.9297,26021.656,USD,yfinance
^IXIC,2026-06-22T23:24:37Z,26166.6016,26517.932,USD,yfinance
^IXIC,2026-06-23T23:12:45Z,25587.0391,26166.602,USD,yfinance
^IXIC,2026-06-24T23:08:33Z,25476.6348,25587.04,USD,yfinance
^IXIC,2026-06-25T23:23:08Z,25358.6035,25476.635,USD,yfinance
^IXIC,2026-06-26T23:11:46Z,25297.6172,25358.604,USD,yfinance
^IXIC,2026-06-29T23:03:39Z,25820.1445,25297.617,USD,yfinance
^IXIC,2026-06-30T23:18:35Z,26213.7188,25820.145,USD,yfinance
^IXIC,2026-07-01T23:20:18Z,26040.0312,26213.719,USD,yfinance
^IXIC,2026-07-02T23:12:39Z,25832.6719,26040.031,USD,yfinance
^IXIC,2026-07-03T23:09:04Z,25832.6699,26040.031,USD,yfinance
^KS11,2026-06-18T18:51:56Z,9063.84,8864.24,KRW,yfinance
^KS11,2026-06-18T23:49:40Z,9063.84,8864.24,KRW,yfinance
^KS11,2026-06-19T23:02:58Z,9052.42,9063.84,KRW,yfinance
^KS11,2026-06-22T23:24:39Z,9114.55,9052.42,KRW,yfinance
^KS11,2026-06-23T23:12:48Z,8203.84,9114.55,KRW,yfinance
^KS11,2026-06-24T23:08:35Z,8471.02,8203.84,KRW,yfinance
^KS11,2026-06-25T23:23:10Z,8930.3,8471.02,KRW,yfinance
^KS11,2026-06-26T23:11:49Z,8411.21,8930.3,KRW,yfinance
^KS11,2026-06-29T23:03:42Z,8394.65,8411.21,KRW,yfinance
^KS11,2026-06-30T23:18:38Z,8476.48,8394.65,KRW,yfinance
^KS11,2026-07-01T23:20:20Z,8303.41,8476.48,KRW,yfinance
^KS11,2026-07-02T23:12:41Z,7648.09,8303.41,KRW,yfinance
^KS11,2026-07-03T23:09:06Z,8088.34,7648.09,KRW,yfinance
^SOX,2026-06-18T18:51:55Z,14352.2705,13477.072,USD,yfinance
^SOX,2026-06-18T23:49:39Z,14341.7832,13477.072,USD,yfinance
^SOX,2026-06-19T23:02:57Z,14341.7803,13477.072,USD,yfinance
^SOX,2026-06-22T23:24:38Z,14634.7227,14341.783,USD,yfinance
^SOX,2026-06-23T23:12:47Z,13482.5078,14634.723,USD,yfinance
^SOX,2026-06-24T23:08:34Z,13458.1943,13482.508,USD,yfinance
^SOX,2026-06-25T23:23:09Z,13940.8701,13458.194,USD,yfinance
^SOX,2026-06-26T23:11:47Z,13203.5693,13940.87,USD,yfinance
^SOX,2026-06-29T23:03:40Z,13709.6602,13203.569,USD,yfinance
^SOX,2026-06-30T23:18:36Z,14246.9609,13709.66,USD,yfinance
^SOX,2026-07-01T23:20:19Z,13353.2793,14246.961,USD,yfinance
^SOX,2026-07-02T23:12:40Z,12626.2217,13353.279,USD,yfinance
^SOX,2026-07-03T23:09:05Z,12626.2197,13353.279,USD,yfinance
^VIX,2026-06-18T18:51:58Z,16.78,18.43,USD,yfinance
^VIX,2026-06-18T23:49:41Z,16.4,18.43,USD,yfinance
^VIX,2026-06-19T23:03:00Z,16.78,16.4,USD,yfinance
^VIX,2026-06-22T23:24:41Z,17.28,16.78,USD,yfinance
^VIX,2026-06-23T23:12:50Z,19.49,17.28,USD,yfinance
^VIX,2026-06-24T23:08:37Z,18.63,19.48,USD,yfinance
^VIX,2026-06-25T23:23:12Z,18.89,18.65,USD,yfinance
^VIX,2026-06-26T23:11:51Z,18.89,18.9,USD,yfinance
^VIX,2026-06-29T23:03:43Z,17.65,18.38,USD,yfinance
^VIX,2026-06-30T23:18:39Z,16.45,17.65,USD,yfinance
^VIX,2026-07-01T23:20:22Z,16.59,16.45,USD,yfinance
^VIX,2026-07-02T23:12:43Z,16.15,16.57,USD,yfinance
^VIX,2026-07-03T23:09:07Z,15.81,16.14,USD,yfinance
